{"pageContext":{"isCreatedByStatefulCreatePages":false,"episode":{"episode":"The Blockchain Opportunity ","episodeNumber":"01","name":"Shira Frank","releaseDate":"2019-08-12T08:00-06:00","position":"Co-Founder of Maiden","description":{"json":{"data":{},"content":[{"data":{},"content":[{"data":{},"marks":[],"value":"In the first episode of Worth Your SALT, we sat down with Shira Frank to hear her thoughts on the intersection of humanity and technology. She shared some ways people in the industry could humanize blockchain and start to shift social problems.","nodeType":"text"}],"nodeType":"paragraph"},{"data":{},"content":[{"data":{},"marks":[],"value":"Shira brings over 15 years of work in politics, social change, women’s philanthropy, and fundraising with her to the Blockchain and Fin-Tech industries. Shira spent seven years as a Deputy Director for J Street—the single-largest pro-Israel PAC in the US—working to transform the way Congress and the Executive branch engage in the Middle East and to promote the creation of a two-state solution to the Israeli-Palestinian conflict. During Shira's tenure, J Street partnered with the Obama Administration to successfully push the Iran-Nuclear deal through Congress and prevent a war with Iran. Shira holds a degree in Government and Political Theory from Smith College. She hails from the Redwood Coast of Arcata, CA and after spending eight years in our nation’s capital, she recently found her heart back in the wild west where she is currently living in Boulder, CO.","nodeType":"text"}],"nodeType":"paragraph"}],"nodeType":"document"}},"quote":{"json":{"data":{},"content":[{"data":{},"content":[{"data":{},"marks":[],"value":"\"I don't even think we know all the ways in which the limitations of technology are impacting us.\"","nodeType":"text"}],"nodeType":"paragraph"}],"nodeType":"document"}},"youtubeShortLink":"https://youtu.be/eVwfSaeWOI4","youtubeLongVersion":"https://youtu.be/4CQyEr5wTN4","podbeanLink":"https://saltlending.podbean.com/e/worth-your-salt-episode-i-the-blockchain-opportunity/","iTunesLink":null,"previewImage":{"fluid":{"src":"//images.ctfassets.net/6iszzjgqnc39/6ybK9ZjUVznLRuxUGtgvwG/60dc0ac70d9e8e29a9dea891668e50d3/ShiraFrank.jpg?w=1600&q=50","srcSet":"//images.ctfassets.net/6iszzjgqnc39/6ybK9ZjUVznLRuxUGtgvwG/60dc0ac70d9e8e29a9dea891668e50d3/ShiraFrank.jpg?w=400&h=233&q=50 400w,\n//images.ctfassets.net/6iszzjgqnc39/6ybK9ZjUVznLRuxUGtgvwG/60dc0ac70d9e8e29a9dea891668e50d3/ShiraFrank.jpg?w=800&h=467&q=50 800w,\n//images.ctfassets.net/6iszzjgqnc39/6ybK9ZjUVznLRuxUGtgvwG/60dc0ac70d9e8e29a9dea891668e50d3/ShiraFrank.jpg?w=1200&h=700&q=50 1200w"}},"video":{"file":{"url":"//videos.ctfassets.net/6iszzjgqnc39/AuUfX5r6yFPwtxhHUVOuP/b0b6506ab32b07670a8b7bc68ab6f6d2/WYS_SHORT_FINAL_int2.mp4"}}},"episodes":[{"episode":"Bringing Blockchain to the Party","episodeNumber":"02","name":"Shiv Madan","releaseDate":"2019-08-27T08:00-06:00","position":"CEO of Blockparty","description":{"json":{"data":{},"content":[{"data":{},"content":[{"data":{},"marks":[],"value":"We took a walk with Shiv Madan to discuss how his company, Blockparty, introduced blockchain into the entertainment industry. He shares his perspective on the future of the event industry in conjunction with blockchain technology.","nodeType":"text"}],"nodeType":"paragraph"},{"data":{},"content":[{"data":{},"marks":[],"value":"Shiv Madan is CEO of Blockparty, a blockchain event ticketing company. Earlier, he founded and built a number of technology and media companies, notably Ability Wearables, a wearable data startup that forged a marketing partnership with Samsung. He has held executive roles at eBay, Accenture, Lehman Brothers and Time Inc subsidiary NME.com.","nodeType":"text"}],"nodeType":"paragraph"}],"nodeType":"document"}},"quote":{"json":{"data":{},"content":[{"data":{},"content":[{"data":{},"marks":[],"value":"\"Maybe the ICO type of business model is something I could also use to fund the next album.\"","nodeType":"text"}],"nodeType":"paragraph"}],"nodeType":"document"}},"youtubeShortLink":"https://youtu.be/sgvF1Ej_bT8","youtubeLongVersion":"https://www.youtube.com/watch?v=IKnBjKiSR70","podbeanLink":"https://www.podbean.com/eu/pb-4ajjj-b9f45c","iTunesLink":"https://itunes.com","previewImage":{"fluid":{"src":"//images.ctfassets.net/6iszzjgqnc39/dS3PIjpSz3lPOfWGwCGFI/9625344657b1d02a4a01677b95882cbf/Shiv-Madan.jpg?w=1600&q=50","srcSet":"//images.ctfassets.net/6iszzjgqnc39/dS3PIjpSz3lPOfWGwCGFI/9625344657b1d02a4a01677b95882cbf/Shiv-Madan.jpg?w=400&h=233&q=50 400w,\n//images.ctfassets.net/6iszzjgqnc39/dS3PIjpSz3lPOfWGwCGFI/9625344657b1d02a4a01677b95882cbf/Shiv-Madan.jpg?w=800&h=467&q=50 800w,\n//images.ctfassets.net/6iszzjgqnc39/dS3PIjpSz3lPOfWGwCGFI/9625344657b1d02a4a01677b95882cbf/Shiv-Madan.jpg?w=1200&h=700&q=50 1200w"}},"video":{"file":{"url":"//videos.ctfassets.net/6iszzjgqnc39/5zjdHcQ9jCbnarsO8Bz8Z7/4910e33960ab0251324c36f7caba7606/WYS_Shiv_Madan.mp4"}}},{"episode":"The Tightrope of Economics","episodeNumber":"03","name":"Jeffrey Tucker","releaseDate":"2019-09-10T08:00-06:00","position":"Editorial Dir. and VP of American Institute for Economic Research","description":{"json":{"data":{},"content":[{"data":{},"content":[{"data":{},"marks":[],"value":"Jeffrey Tucker explained his overarching theory of knowledge with regards to economy, government, and, of course, cryptocurrency. Hear his opinion on the past and future of technology and society in this episode of WYS.","nodeType":"text"}],"nodeType":"paragraph"},{"data":{},"content":[{"data":{},"marks":[],"value":"","nodeType":"text"}],"nodeType":"paragraph"},{"data":{},"content":[{"data":{},"marks":[],"value":"Jeffrey Tucker is a former Director of Content for the Foundation for Economic Education. He is the Editorial Director at the American Institute for Economic Research, a managing partner of Vellum Capital, the founder of Liberty.me, Distinguished Honorary Member of Mises Brazil, economics adviser to FreeSociety.com, research fellow at the Acton Institute, policy adviser of the Heartland Institute, founder of the CryptoCurrency Conference, member of the editorial board of the Molinari Review, an advisor to the blockchain application builder Factom, and author of five books.","nodeType":"text"}],"nodeType":"paragraph"}],"nodeType":"document"}},"quote":{"json":{"data":{},"content":[{"data":{},"content":[{"data":{},"marks":[],"value":"\"When the narrative of history takes an unexpected course... that delights me.\"","nodeType":"text"}],"nodeType":"paragraph"}],"nodeType":"document"}},"youtubeShortLink":"https://youtu.be/cXB3MZ8QRn4","youtubeLongVersion":"https://youtu.be/xHx_FTFxLWE","podbeanLink":"https://www.podbean.com/eu/pb-ph85t-baf5b2","iTunesLink":null,"previewImage":{"fluid":{"src":"//images.ctfassets.net/6iszzjgqnc39/110PYTxs11i9jFjf7gnleq/56ab08138bb1e787dfae908f7b4c013b/Jeffrey-Tucker-3.jpg?w=1600&q=50","srcSet":"//images.ctfassets.net/6iszzjgqnc39/110PYTxs11i9jFjf7gnleq/56ab08138bb1e787dfae908f7b4c013b/Jeffrey-Tucker-3.jpg?w=400&h=233&q=50 400w,\n//images.ctfassets.net/6iszzjgqnc39/110PYTxs11i9jFjf7gnleq/56ab08138bb1e787dfae908f7b4c013b/Jeffrey-Tucker-3.jpg?w=800&h=467&q=50 800w,\n//images.ctfassets.net/6iszzjgqnc39/110PYTxs11i9jFjf7gnleq/56ab08138bb1e787dfae908f7b4c013b/Jeffrey-Tucker-3.jpg?w=1200&h=700&q=50 1200w"}},"video":{"file":{"url":"//videos.ctfassets.net/6iszzjgqnc39/10NzJ2a71nvkyqeFjMKfyO/541f99723b649d54fe1a969b3e8706f1/Video_Jeffrey_Tucker.mp4"}}},{"episode":"Is Your Money Worth Your Time?","episodeNumber":"04","name":"Paul Puey","releaseDate":"2019-09-24T08:00-06:00","position":"Co-Founder & CEO of Edge","description":{"json":{"data":{},"content":[{"data":{},"content":[{"data":{},"marks":[],"value":"Paul Puey sat down with us to discuss the foundational benefits of cryptocurrency. In this episode, he shares his view on the good and bad of advancing disruptive technologies and flattening hierarchies. ","nodeType":"text"}],"nodeType":"paragraph"},{"data":{},"content":[{"data":{},"marks":[],"value":"","nodeType":"text"}],"nodeType":"paragraph"},{"data":{},"content":[{"data":{},"marks":[],"value":"Paul is a proud Electrical Engineering and Computer Science graduate of UC Berkeley with a wide range of technical skills from low-level 3D graphics systems engineering to development of custom web CMS systems, back before people knew what a CMS was. \n\nHe held a lead engineering position with Nvidia and significantly contributed to the design of highly cross platform software architecture enabling code-reuse across multiple ASIC generations and across multiple operating systems. A stickler for proper architecture, he insists on projects being designed from the ground up for maintainability and scalability.","nodeType":"text"}],"nodeType":"paragraph"},{"data":{},"content":[{"data":{},"marks":[],"value":"","nodeType":"text"}],"nodeType":"paragraph"}],"nodeType":"document"}},"quote":{"json":{"data":{},"content":[{"data":{},"content":[{"data":{},"marks":[],"value":"\"A digital money, accessable by anyone, anywhere in the world is powerful and levels the playing field.\"","nodeType":"text"}],"nodeType":"paragraph"}],"nodeType":"document"}},"youtubeShortLink":"https://youtu.be/kj2SVvhB-Vw","youtubeLongVersion":"https://youtu.be/ieRmKc6l4Uk","podbeanLink":"https://www.podbean.com/eu/pb-792dw-baf5c2","iTunesLink":null,"previewImage":{"fluid":{"src":"//images.ctfassets.net/6iszzjgqnc39/35iI2jKoZnpmn2fPkbhXyk/c13aa23c71482ee2a1bb55f9ebb8fb1c/Paul-Puey.jpg?w=1600&q=50","srcSet":"//images.ctfassets.net/6iszzjgqnc39/35iI2jKoZnpmn2fPkbhXyk/c13aa23c71482ee2a1bb55f9ebb8fb1c/Paul-Puey.jpg?w=400&h=233&q=50 400w,\n//images.ctfassets.net/6iszzjgqnc39/35iI2jKoZnpmn2fPkbhXyk/c13aa23c71482ee2a1bb55f9ebb8fb1c/Paul-Puey.jpg?w=800&h=467&q=50 800w,\n//images.ctfassets.net/6iszzjgqnc39/35iI2jKoZnpmn2fPkbhXyk/c13aa23c71482ee2a1bb55f9ebb8fb1c/Paul-Puey.jpg?w=1200&h=700&q=50 1200w"}},"video":{"file":{"url":"//videos.ctfassets.net/6iszzjgqnc39/54DSHrnjlnPuSJTYagCefl/08d6ab79257915093dda6beaba4b6c64/Video_Paul_Puey.mp4"}}}]}}