{"pageContext":{"isCreatedByStatefulCreatePages":false,"episode":{"episode":"Money is the Message","episodeNumber":"11","name":"David Chaum","releaseDate":"2019-12-31T08:00-06:00","position":"CEO of ELIXXIR","description":{"json":{"data":{},"content":[{"data":{},"content":[{"data":{},"marks":[],"value":"We had the chance sat down with the inventor of digital cash, David Chaum to discuss the history of payment systems and how that has enabled the fusion of messaging with payments. He shares his insights on solving the problems that are infringing on societies digital and personal sovereignty. ","nodeType":"text"}],"nodeType":"paragraph"},{"data":{},"content":[{"data":{},"marks":[],"value":"","nodeType":"text"}],"nodeType":"paragraph"},{"data":{},"content":[{"data":{},"marks":[],"value":"Widely recognized as the inventor of digital cash, David is currently leading the Elixxir project to provide scalable digital sovereignty. He is also known for other fundamental innovations in cryptography, including privacy technology and secure election systems. With a PhD in Computer Science from UC Berkeley, he taught at NYU Graduate School of Business and the University of California, led a number of breakthrough projects as well as founded the International Association for Cryptologic Research, the cryptography group at the Center for Mathematics and Computer Science in Amsterdam, DigiCash, the Voting Systems Institute, and the Perspectiva Fund.","nodeType":"text"}],"nodeType":"paragraph"}],"nodeType":"document"}},"quote":{"json":{"data":{},"content":[{"data":{},"content":[{"data":{},"marks":[],"value":"\"In retrospect... the phone companies were so powerful, it seemed incomprehensable that they would ever lose their grip.\"","nodeType":"text"}],"nodeType":"paragraph"}],"nodeType":"document"}},"youtubeShortLink":"https://youtu.be/75Hhv-d7GqE","youtubeLongVersion":"https://youtu.be/BMtq2RuBayY ","podbeanLink":"https://www.podbean.com/media/share/pb-66t2r-d14a82","iTunesLink":null,"previewImage":{"fluid":{"src":"//images.ctfassets.net/6iszzjgqnc39/3OBUvQpPLXSTMOH9ejCEYG/ae57cb598e93a23739a4aa2bbef6620a/David-Chaum.jpg?w=1600&q=50","srcSet":"//images.ctfassets.net/6iszzjgqnc39/3OBUvQpPLXSTMOH9ejCEYG/ae57cb598e93a23739a4aa2bbef6620a/David-Chaum.jpg?w=400&h=233&q=50 400w,\n//images.ctfassets.net/6iszzjgqnc39/3OBUvQpPLXSTMOH9ejCEYG/ae57cb598e93a23739a4aa2bbef6620a/David-Chaum.jpg?w=800&h=467&q=50 800w,\n//images.ctfassets.net/6iszzjgqnc39/3OBUvQpPLXSTMOH9ejCEYG/ae57cb598e93a23739a4aa2bbef6620a/David-Chaum.jpg?w=1200&h=700&q=50 1200w"}},"video":{"file":{"url":"//videos.ctfassets.net/6iszzjgqnc39/1qobftx4tzzC2YAd6waT38/af9679a88c84e89cfb7c8fe62a29e5bc/Video_David_Chaum.mp4"}}},"episodes":[{"episode":"The Blockchain Opportunity ","episodeNumber":"01","name":"Shira Frank","releaseDate":"2019-08-12T08:00-06:00","position":"Co-Founder of Maiden","description":{"json":{"data":{},"content":[{"data":{},"content":[{"data":{},"marks":[],"value":"In the first episode of Worth Your SALT, we sat down with Shira Frank to hear her thoughts on the intersection of humanity and technology. She shared some ways people in the industry could humanize blockchain and start to shift social problems.","nodeType":"text"}],"nodeType":"paragraph"},{"data":{},"content":[{"data":{},"marks":[],"value":"Shira brings over 15 years of work in politics, social change, women’s philanthropy, and fundraising with her to the Blockchain and Fin-Tech industries. Shira spent seven years as a Deputy Director for J Street—the single-largest pro-Israel PAC in the US—working to transform the way Congress and the Executive branch engage in the Middle East and to promote the creation of a two-state solution to the Israeli-Palestinian conflict. During Shira's tenure, J Street partnered with the Obama Administration to successfully push the Iran-Nuclear deal through Congress and prevent a war with Iran. Shira holds a degree in Government and Political Theory from Smith College. She hails from the Redwood Coast of Arcata, CA and after spending eight years in our nation’s capital, she recently found her heart back in the wild west where she is currently living in Boulder, CO.","nodeType":"text"}],"nodeType":"paragraph"}],"nodeType":"document"}},"quote":{"json":{"data":{},"content":[{"data":{},"content":[{"data":{},"marks":[],"value":"\"I don't even think we know all the ways in which the limitations of technology are impacting us.\"","nodeType":"text"}],"nodeType":"paragraph"}],"nodeType":"document"}},"youtubeShortLink":"https://youtu.be/eVwfSaeWOI4","youtubeLongVersion":"https://youtu.be/4CQyEr5wTN4","podbeanLink":"https://saltlending.podbean.com/e/worth-your-salt-episode-i-the-blockchain-opportunity/","iTunesLink":null,"previewImage":{"fluid":{"src":"//images.ctfassets.net/6iszzjgqnc39/6ybK9ZjUVznLRuxUGtgvwG/60dc0ac70d9e8e29a9dea891668e50d3/ShiraFrank.jpg?w=1600&q=50","srcSet":"//images.ctfassets.net/6iszzjgqnc39/6ybK9ZjUVznLRuxUGtgvwG/60dc0ac70d9e8e29a9dea891668e50d3/ShiraFrank.jpg?w=400&h=233&q=50 400w,\n//images.ctfassets.net/6iszzjgqnc39/6ybK9ZjUVznLRuxUGtgvwG/60dc0ac70d9e8e29a9dea891668e50d3/ShiraFrank.jpg?w=800&h=467&q=50 800w,\n//images.ctfassets.net/6iszzjgqnc39/6ybK9ZjUVznLRuxUGtgvwG/60dc0ac70d9e8e29a9dea891668e50d3/ShiraFrank.jpg?w=1200&h=700&q=50 1200w"}},"video":{"file":{"url":"//videos.ctfassets.net/6iszzjgqnc39/AuUfX5r6yFPwtxhHUVOuP/b0b6506ab32b07670a8b7bc68ab6f6d2/WYS_SHORT_FINAL_int2.mp4"}}},{"episode":"Is Your Money Worth Your Time?","episodeNumber":"04","name":"Paul Puey","releaseDate":"2019-09-24T08:00-06:00","position":"Co-Founder & CEO of Edge","description":{"json":{"data":{},"content":[{"data":{},"content":[{"data":{},"marks":[],"value":"Paul Puey sat down with us to discuss the foundational benefits of cryptocurrency. In this episode, he shares his view on the good and bad of advancing disruptive technologies and flattening hierarchies. ","nodeType":"text"}],"nodeType":"paragraph"},{"data":{},"content":[{"data":{},"marks":[],"value":"","nodeType":"text"}],"nodeType":"paragraph"},{"data":{},"content":[{"data":{},"marks":[],"value":"Paul is a proud Electrical Engineering and Computer Science graduate of UC Berkeley with a wide range of technical skills from low-level 3D graphics systems engineering to development of custom web CMS systems, back before people knew what a CMS was. \n\nHe held a lead engineering position with Nvidia and significantly contributed to the design of highly cross platform software architecture enabling code-reuse across multiple ASIC generations and across multiple operating systems. A stickler for proper architecture, he insists on projects being designed from the ground up for maintainability and scalability.","nodeType":"text"}],"nodeType":"paragraph"},{"data":{},"content":[{"data":{},"marks":[],"value":"","nodeType":"text"}],"nodeType":"paragraph"}],"nodeType":"document"}},"quote":{"json":{"data":{},"content":[{"data":{},"content":[{"data":{},"marks":[],"value":"\"A digital money, accessable by anyone, anywhere in the world is powerful and levels the playing field.\"","nodeType":"text"}],"nodeType":"paragraph"}],"nodeType":"document"}},"youtubeShortLink":"https://youtu.be/kj2SVvhB-Vw","youtubeLongVersion":"https://youtu.be/ieRmKc6l4Uk","podbeanLink":"https://www.podbean.com/eu/pb-792dw-baf5c2","iTunesLink":null,"previewImage":{"fluid":{"src":"//images.ctfassets.net/6iszzjgqnc39/35iI2jKoZnpmn2fPkbhXyk/c13aa23c71482ee2a1bb55f9ebb8fb1c/Paul-Puey.jpg?w=1600&q=50","srcSet":"//images.ctfassets.net/6iszzjgqnc39/35iI2jKoZnpmn2fPkbhXyk/c13aa23c71482ee2a1bb55f9ebb8fb1c/Paul-Puey.jpg?w=400&h=233&q=50 400w,\n//images.ctfassets.net/6iszzjgqnc39/35iI2jKoZnpmn2fPkbhXyk/c13aa23c71482ee2a1bb55f9ebb8fb1c/Paul-Puey.jpg?w=800&h=467&q=50 800w,\n//images.ctfassets.net/6iszzjgqnc39/35iI2jKoZnpmn2fPkbhXyk/c13aa23c71482ee2a1bb55f9ebb8fb1c/Paul-Puey.jpg?w=1200&h=700&q=50 1200w"}},"video":{"file":{"url":"//videos.ctfassets.net/6iszzjgqnc39/54DSHrnjlnPuSJTYagCefl/08d6ab79257915093dda6beaba4b6c64/Video_Paul_Puey.mp4"}}},{"episode":"Freedom to Decentralize","episodeNumber":"07","name":"Washington Sanchez","releaseDate":"2019-11-05T08:00-06:00","position":"Co-Founder of OB1","description":{"json":{"data":{},"content":[{"data":{},"content":[{"data":{},"marks":[],"value":"In this episode of WYS, we discussed the idea of decentralized marketplaces with Washington Sanchez. He shared his thoughts on the intersection of freedom of commerce and freedom of speech and other places censorship-resistant technology could apply.","nodeType":"text"}],"nodeType":"paragraph"},{"data":{},"content":[{"data":{},"marks":[],"value":"","nodeType":"text"}],"nodeType":"paragraph"},{"data":{},"content":[{"data":{},"marks":[],"value":"Co-founder and CRO of OB1.io, and core developer for  OpenBazaar a decentralised marketplace where you can buy or sell anything for cryptocurrency.","nodeType":"text"}],"nodeType":"paragraph"},{"data":{},"content":[{"data":{},"marks":[],"value":"","nodeType":"text"}],"nodeType":"paragraph"}],"nodeType":"document"}},"quote":{"json":{"data":{},"content":[{"data":{},"content":[{"data":{},"marks":[],"value":"\"I think decentralization for decentralization's sake is a huge error.\"","nodeType":"text"}],"nodeType":"paragraph"}],"nodeType":"document"}},"youtubeShortLink":"https://youtu.be/7NvfM9ldfKU","youtubeLongVersion":"https://youtu.be/p5a7yasaBKc","podbeanLink":"https://www.podbean.com/eu/pb-cjfa5-baf5f3","iTunesLink":null,"previewImage":{"fluid":{"src":"//images.ctfassets.net/6iszzjgqnc39/5cnt0QjgNsuNHwwGqr0xz0/a801ad6193f0b23a52f35eb2978ee290/Washington-Sanchez.jpg?w=1600&q=50","srcSet":"//images.ctfassets.net/6iszzjgqnc39/5cnt0QjgNsuNHwwGqr0xz0/a801ad6193f0b23a52f35eb2978ee290/Washington-Sanchez.jpg?w=400&h=233&q=50 400w,\n//images.ctfassets.net/6iszzjgqnc39/5cnt0QjgNsuNHwwGqr0xz0/a801ad6193f0b23a52f35eb2978ee290/Washington-Sanchez.jpg?w=800&h=467&q=50 800w,\n//images.ctfassets.net/6iszzjgqnc39/5cnt0QjgNsuNHwwGqr0xz0/a801ad6193f0b23a52f35eb2978ee290/Washington-Sanchez.jpg?w=1200&h=700&q=50 1200w"}},"video":{"file":{"url":"//videos.ctfassets.net/6iszzjgqnc39/t4otbCJRahxadBw6BExx1/926541ddcbdb50c7ae59a353ec99cda9/Video_Washington_Sanchez.mp4"}}}]}}