{"pageContext":{"isCreatedByStatefulCreatePages":false,"episode":{"episode":"Singing Bitcoin's Praises","episodeNumber":"06","name":"Tatiana Moroz","releaseDate":"2019-10-22T08:00-06:00","position":"Founder of Tatiana Coin and Crypto Media Hub","description":{"json":{"data":{},"content":[{"data":{},"content":[{"data":{},"marks":[],"value":"We talked with artist and crypto influencer, Tatiana Moroz. She explained the basic principles and benefits of her cryptocurrency, Tatiana Coin, and showed us the positive effect women and artists are having on the blockchain space.","nodeType":"text"}],"nodeType":"paragraph"},{"data":{},"content":[{"data":{},"marks":[],"value":"","nodeType":"text"}],"nodeType":"paragraph"},{"data":{},"content":[{"data":{},"marks":[],"value":"Tatiana Moroz is a soulful and outspoken singer-songwriter, and one of the pioneering artists in the Bitcoin and activist communities.\nFollowing the release of several independently produced LPs, EPs and singles, Tatiana’s album Keep The Faith was released in 2017 having been funded with cryptocurrency. Her music is a fresh take on the folk style of the revolutionary 60’s and 70’s, an original blend of pop, rock, blues, and alt country.\n\nTatiana is the creator of TatianaCoin, the world’s first ever artist cryptocurrency. Tatiana Coin and other artist coins allow for connecting fans to artists for direct sales, engagement, and special experiences uniquely enabled by blockchain tech that can create a peer to peer ecosystem. A driving force in the industry, she is also the Founder of Crypto Media Hub, a PR, marketing and advertising agency for the Bitcoin space and beyond. “The Tatiana Show” podcast streams on several outlets including the Let’s Talk Bitcoin network and is quickly growing.  ","nodeType":"text"}],"nodeType":"paragraph"},{"data":{},"content":[{"data":{},"marks":[],"value":"","nodeType":"text"}],"nodeType":"paragraph"}],"nodeType":"document"}},"quote":{"json":{"data":{},"content":[{"data":{},"content":[{"data":{},"marks":[],"value":"\"If you work at a bank, you can't talk about the revolution you can start with a cryptocurrency.\"","nodeType":"text"}],"nodeType":"paragraph"}],"nodeType":"document"}},"youtubeShortLink":"https://youtu.be/podAVWMZDQg","youtubeLongVersion":"https://youtu.be/vBbngYnHPOk","podbeanLink":"https://www.podbean.com/eu/pb-cpt6n-baf5db","iTunesLink":null,"previewImage":{"fluid":{"src":"//images.ctfassets.net/6iszzjgqnc39/5xOpONzbrqHWfBUl4tpYIR/caa52a0c8abd7cec11eddf7ce0be0d49/Tatiana-Moroz.jpg?w=1600&q=50","srcSet":"//images.ctfassets.net/6iszzjgqnc39/5xOpONzbrqHWfBUl4tpYIR/caa52a0c8abd7cec11eddf7ce0be0d49/Tatiana-Moroz.jpg?w=400&h=233&q=50 400w,\n//images.ctfassets.net/6iszzjgqnc39/5xOpONzbrqHWfBUl4tpYIR/caa52a0c8abd7cec11eddf7ce0be0d49/Tatiana-Moroz.jpg?w=800&h=467&q=50 800w,\n//images.ctfassets.net/6iszzjgqnc39/5xOpONzbrqHWfBUl4tpYIR/caa52a0c8abd7cec11eddf7ce0be0d49/Tatiana-Moroz.jpg?w=1200&h=700&q=50 1200w"}},"video":{"file":{"url":"//videos.ctfassets.net/6iszzjgqnc39/2fcfCwP6A6vGDHNqDvFzZm/cb0fd035512f73c1d883ed367d2573c7/Video_Tatiana_Moroz.mp4"}}},"episodes":[{"episode":"The Tightrope of Economics","episodeNumber":"03","name":"Jeffrey Tucker","releaseDate":"2019-09-10T08:00-06:00","position":"Editorial Dir. and VP of American Institute for Economic Research","description":{"json":{"data":{},"content":[{"data":{},"content":[{"data":{},"marks":[],"value":"Jeffrey Tucker explained his overarching theory of knowledge with regards to economy, government, and, of course, cryptocurrency. Hear his opinion on the past and future of technology and society in this episode of WYS.","nodeType":"text"}],"nodeType":"paragraph"},{"data":{},"content":[{"data":{},"marks":[],"value":"","nodeType":"text"}],"nodeType":"paragraph"},{"data":{},"content":[{"data":{},"marks":[],"value":"Jeffrey Tucker is a former Director of Content for the Foundation for Economic Education. He is the Editorial Director at the American Institute for Economic Research, a managing partner of Vellum Capital, the founder of Liberty.me, Distinguished Honorary Member of Mises Brazil, economics adviser to FreeSociety.com, research fellow at the Acton Institute, policy adviser of the Heartland Institute, founder of the CryptoCurrency Conference, member of the editorial board of the Molinari Review, an advisor to the blockchain application builder Factom, and author of five books.","nodeType":"text"}],"nodeType":"paragraph"}],"nodeType":"document"}},"quote":{"json":{"data":{},"content":[{"data":{},"content":[{"data":{},"marks":[],"value":"\"When the narrative of history takes an unexpected course... that delights me.\"","nodeType":"text"}],"nodeType":"paragraph"}],"nodeType":"document"}},"youtubeShortLink":"https://youtu.be/cXB3MZ8QRn4","youtubeLongVersion":"https://youtu.be/xHx_FTFxLWE","podbeanLink":"https://www.podbean.com/eu/pb-ph85t-baf5b2","iTunesLink":null,"previewImage":{"fluid":{"src":"//images.ctfassets.net/6iszzjgqnc39/110PYTxs11i9jFjf7gnleq/56ab08138bb1e787dfae908f7b4c013b/Jeffrey-Tucker-3.jpg?w=1600&q=50","srcSet":"//images.ctfassets.net/6iszzjgqnc39/110PYTxs11i9jFjf7gnleq/56ab08138bb1e787dfae908f7b4c013b/Jeffrey-Tucker-3.jpg?w=400&h=233&q=50 400w,\n//images.ctfassets.net/6iszzjgqnc39/110PYTxs11i9jFjf7gnleq/56ab08138bb1e787dfae908f7b4c013b/Jeffrey-Tucker-3.jpg?w=800&h=467&q=50 800w,\n//images.ctfassets.net/6iszzjgqnc39/110PYTxs11i9jFjf7gnleq/56ab08138bb1e787dfae908f7b4c013b/Jeffrey-Tucker-3.jpg?w=1200&h=700&q=50 1200w"}},"video":{"file":{"url":"//videos.ctfassets.net/6iszzjgqnc39/10NzJ2a71nvkyqeFjMKfyO/541f99723b649d54fe1a969b3e8706f1/Video_Jeffrey_Tucker.mp4"}}},{"episode":"Getting Everyone into the Game","episodeNumber":"05","name":"Nadav Hollander","releaseDate":"2019-10-08T08:00-06:00","position":"Founder of Dharma Labs","description":{"json":{"data":{},"content":[{"data":{},"content":[{"data":{},"marks":[],"value":"We talked with Nadav Hollander about the history of the financial system and the current crypto-backed lending space. He discusses his vision for fintech organizations and hope for a better world.","nodeType":"text"}],"nodeType":"paragraph"},{"data":{},"content":[{"data":{},"marks":[],"value":"Nadav Hollander is Founder and CEO of Dharma.io, a decentralized credit company.","nodeType":"text"}],"nodeType":"paragraph"},{"data":{},"content":[{"data":{},"marks":[],"value":"","nodeType":"text"}],"nodeType":"paragraph"}],"nodeType":"document"}},"quote":{"json":{"data":{},"content":[{"data":{},"content":[{"data":{},"marks":[],"value":"\"Fundamentally... we need to invent entirely new paradigms for user experiences.\"","nodeType":"text"}],"nodeType":"paragraph"}],"nodeType":"document"}},"youtubeShortLink":"https://youtu.be/V5JWmMlb7G8","youtubeLongVersion":"https://youtu.be/Zm0TcCMzpfk","podbeanLink":"https://www.podbean.com/eu/pb-9ueea-baf5be","iTunesLink":null,"previewImage":{"fluid":{"src":"//images.ctfassets.net/6iszzjgqnc39/552taNH5lanp6ENdSnqgtc/5b2f73dc6c14cb64600a92f19fff9161/Nadav-Hollander.jpg?w=1600&q=50","srcSet":"//images.ctfassets.net/6iszzjgqnc39/552taNH5lanp6ENdSnqgtc/5b2f73dc6c14cb64600a92f19fff9161/Nadav-Hollander.jpg?w=400&h=233&q=50 400w,\n//images.ctfassets.net/6iszzjgqnc39/552taNH5lanp6ENdSnqgtc/5b2f73dc6c14cb64600a92f19fff9161/Nadav-Hollander.jpg?w=800&h=467&q=50 800w,\n//images.ctfassets.net/6iszzjgqnc39/552taNH5lanp6ENdSnqgtc/5b2f73dc6c14cb64600a92f19fff9161/Nadav-Hollander.jpg?w=1200&h=700&q=50 1200w"}},"video":{"file":{"url":"//videos.ctfassets.net/6iszzjgqnc39/2sNsVdPNXaY3NIWRnyqqsT/93afdec717fc80f4379e9c6c615d6724/Video_Nadav_Hollander.mp4"}}},{"episode":"Money is the Message","episodeNumber":"11","name":"David Chaum","releaseDate":"2019-12-31T08:00-06:00","position":"CEO of ELIXXIR","description":{"json":{"data":{},"content":[{"data":{},"content":[{"data":{},"marks":[],"value":"We had the chance sat down with the inventor of digital cash, David Chaum to discuss the history of payment systems and how that has enabled the fusion of messaging with payments. He shares his insights on solving the problems that are infringing on societies digital and personal sovereignty. ","nodeType":"text"}],"nodeType":"paragraph"},{"data":{},"content":[{"data":{},"marks":[],"value":"","nodeType":"text"}],"nodeType":"paragraph"},{"data":{},"content":[{"data":{},"marks":[],"value":"Widely recognized as the inventor of digital cash, David is currently leading the Elixxir project to provide scalable digital sovereignty. He is also known for other fundamental innovations in cryptography, including privacy technology and secure election systems. With a PhD in Computer Science from UC Berkeley, he taught at NYU Graduate School of Business and the University of California, led a number of breakthrough projects as well as founded the International Association for Cryptologic Research, the cryptography group at the Center for Mathematics and Computer Science in Amsterdam, DigiCash, the Voting Systems Institute, and the Perspectiva Fund.","nodeType":"text"}],"nodeType":"paragraph"}],"nodeType":"document"}},"quote":{"json":{"data":{},"content":[{"data":{},"content":[{"data":{},"marks":[],"value":"\"In retrospect... the phone companies were so powerful, it seemed incomprehensable that they would ever lose their grip.\"","nodeType":"text"}],"nodeType":"paragraph"}],"nodeType":"document"}},"youtubeShortLink":"https://youtu.be/75Hhv-d7GqE","youtubeLongVersion":"https://youtu.be/BMtq2RuBayY ","podbeanLink":"https://www.podbean.com/media/share/pb-66t2r-d14a82","iTunesLink":null,"previewImage":{"fluid":{"src":"//images.ctfassets.net/6iszzjgqnc39/3OBUvQpPLXSTMOH9ejCEYG/ae57cb598e93a23739a4aa2bbef6620a/David-Chaum.jpg?w=1600&q=50","srcSet":"//images.ctfassets.net/6iszzjgqnc39/3OBUvQpPLXSTMOH9ejCEYG/ae57cb598e93a23739a4aa2bbef6620a/David-Chaum.jpg?w=400&h=233&q=50 400w,\n//images.ctfassets.net/6iszzjgqnc39/3OBUvQpPLXSTMOH9ejCEYG/ae57cb598e93a23739a4aa2bbef6620a/David-Chaum.jpg?w=800&h=467&q=50 800w,\n//images.ctfassets.net/6iszzjgqnc39/3OBUvQpPLXSTMOH9ejCEYG/ae57cb598e93a23739a4aa2bbef6620a/David-Chaum.jpg?w=1200&h=700&q=50 1200w"}},"video":{"file":{"url":"//videos.ctfassets.net/6iszzjgqnc39/1qobftx4tzzC2YAd6waT38/af9679a88c84e89cfb7c8fe62a29e5bc/Video_David_Chaum.mp4"}}}]}}