{"pageContext":{"isCreatedByStatefulCreatePages":false,"episode":{"episode":"The Tightrope of Economics","episodeNumber":"03","name":"Jeffrey Tucker","releaseDate":"2019-09-10T08:00-06:00","position":"Editorial Dir. and VP of American Institute for Economic Research","description":{"json":{"data":{},"content":[{"data":{},"content":[{"data":{},"marks":[],"value":"Jeffrey Tucker explained his overarching theory of knowledge with regards to economy, government, and, of course, cryptocurrency. Hear his opinion on the past and future of technology and society in this episode of WYS.","nodeType":"text"}],"nodeType":"paragraph"},{"data":{},"content":[{"data":{},"marks":[],"value":"","nodeType":"text"}],"nodeType":"paragraph"},{"data":{},"content":[{"data":{},"marks":[],"value":"Jeffrey Tucker is a former Director of Content for the Foundation for Economic Education. He is the Editorial Director at the American Institute for Economic Research, a managing partner of Vellum Capital, the founder of Liberty.me, Distinguished Honorary Member of Mises Brazil, economics adviser to FreeSociety.com, research fellow at the Acton Institute, policy adviser of the Heartland Institute, founder of the CryptoCurrency Conference, member of the editorial board of the Molinari Review, an advisor to the blockchain application builder Factom, and author of five books.","nodeType":"text"}],"nodeType":"paragraph"}],"nodeType":"document"}},"quote":{"json":{"data":{},"content":[{"data":{},"content":[{"data":{},"marks":[],"value":"\"When the narrative of history takes an unexpected course... that delights me.\"","nodeType":"text"}],"nodeType":"paragraph"}],"nodeType":"document"}},"youtubeShortLink":"https://youtu.be/cXB3MZ8QRn4","youtubeLongVersion":"https://youtu.be/xHx_FTFxLWE","podbeanLink":"https://www.podbean.com/eu/pb-ph85t-baf5b2","iTunesLink":null,"previewImage":{"fluid":{"src":"//images.ctfassets.net/6iszzjgqnc39/110PYTxs11i9jFjf7gnleq/56ab08138bb1e787dfae908f7b4c013b/Jeffrey-Tucker-3.jpg?w=1600&q=50","srcSet":"//images.ctfassets.net/6iszzjgqnc39/110PYTxs11i9jFjf7gnleq/56ab08138bb1e787dfae908f7b4c013b/Jeffrey-Tucker-3.jpg?w=400&h=233&q=50 400w,\n//images.ctfassets.net/6iszzjgqnc39/110PYTxs11i9jFjf7gnleq/56ab08138bb1e787dfae908f7b4c013b/Jeffrey-Tucker-3.jpg?w=800&h=467&q=50 800w,\n//images.ctfassets.net/6iszzjgqnc39/110PYTxs11i9jFjf7gnleq/56ab08138bb1e787dfae908f7b4c013b/Jeffrey-Tucker-3.jpg?w=1200&h=700&q=50 1200w"}},"video":{"file":{"url":"//videos.ctfassets.net/6iszzjgqnc39/10NzJ2a71nvkyqeFjMKfyO/541f99723b649d54fe1a969b3e8706f1/Video_Jeffrey_Tucker.mp4"}}},"episodes":[{"episode":"Bringing Blockchain to the Party","episodeNumber":"02","name":"Shiv Madan","releaseDate":"2019-08-27T08:00-06:00","position":"CEO of Blockparty","description":{"json":{"data":{},"content":[{"data":{},"content":[{"data":{},"marks":[],"value":"We took a walk with Shiv Madan to discuss how his company, Blockparty, introduced blockchain into the entertainment industry. He shares his perspective on the future of the event industry in conjunction with blockchain technology.","nodeType":"text"}],"nodeType":"paragraph"},{"data":{},"content":[{"data":{},"marks":[],"value":"Shiv Madan is CEO of Blockparty, a blockchain event ticketing company. Earlier, he founded and built a number of technology and media companies, notably Ability Wearables, a wearable data startup that forged a marketing partnership with Samsung. He has held executive roles at eBay, Accenture, Lehman Brothers and Time Inc subsidiary NME.com.","nodeType":"text"}],"nodeType":"paragraph"}],"nodeType":"document"}},"quote":{"json":{"data":{},"content":[{"data":{},"content":[{"data":{},"marks":[],"value":"\"Maybe the ICO type of business model is something I could also use to fund the next album.\"","nodeType":"text"}],"nodeType":"paragraph"}],"nodeType":"document"}},"youtubeShortLink":"https://youtu.be/sgvF1Ej_bT8","youtubeLongVersion":"https://www.youtube.com/watch?v=IKnBjKiSR70","podbeanLink":"https://www.podbean.com/eu/pb-4ajjj-b9f45c","iTunesLink":"https://itunes.com","previewImage":{"fluid":{"src":"//images.ctfassets.net/6iszzjgqnc39/dS3PIjpSz3lPOfWGwCGFI/9625344657b1d02a4a01677b95882cbf/Shiv-Madan.jpg?w=1600&q=50","srcSet":"//images.ctfassets.net/6iszzjgqnc39/dS3PIjpSz3lPOfWGwCGFI/9625344657b1d02a4a01677b95882cbf/Shiv-Madan.jpg?w=400&h=233&q=50 400w,\n//images.ctfassets.net/6iszzjgqnc39/dS3PIjpSz3lPOfWGwCGFI/9625344657b1d02a4a01677b95882cbf/Shiv-Madan.jpg?w=800&h=467&q=50 800w,\n//images.ctfassets.net/6iszzjgqnc39/dS3PIjpSz3lPOfWGwCGFI/9625344657b1d02a4a01677b95882cbf/Shiv-Madan.jpg?w=1200&h=700&q=50 1200w"}},"video":{"file":{"url":"//videos.ctfassets.net/6iszzjgqnc39/5zjdHcQ9jCbnarsO8Bz8Z7/4910e33960ab0251324c36f7caba7606/WYS_Shiv_Madan.mp4"}}},{"episode":"Freedom to Decentralize","episodeNumber":"07","name":"Washington Sanchez","releaseDate":"2019-11-05T08:00-06:00","position":"Co-Founder of OB1","description":{"json":{"data":{},"content":[{"data":{},"content":[{"data":{},"marks":[],"value":"In this episode of WYS, we discussed the idea of decentralized marketplaces with Washington Sanchez. He shared his thoughts on the intersection of freedom of commerce and freedom of speech and other places censorship-resistant technology could apply.","nodeType":"text"}],"nodeType":"paragraph"},{"data":{},"content":[{"data":{},"marks":[],"value":"","nodeType":"text"}],"nodeType":"paragraph"},{"data":{},"content":[{"data":{},"marks":[],"value":"Co-founder and CRO of OB1.io, and core developer for  OpenBazaar a decentralised marketplace where you can buy or sell anything for cryptocurrency.","nodeType":"text"}],"nodeType":"paragraph"},{"data":{},"content":[{"data":{},"marks":[],"value":"","nodeType":"text"}],"nodeType":"paragraph"}],"nodeType":"document"}},"quote":{"json":{"data":{},"content":[{"data":{},"content":[{"data":{},"marks":[],"value":"\"I think decentralization for decentralization's sake is a huge error.\"","nodeType":"text"}],"nodeType":"paragraph"}],"nodeType":"document"}},"youtubeShortLink":"https://youtu.be/7NvfM9ldfKU","youtubeLongVersion":"https://youtu.be/p5a7yasaBKc","podbeanLink":"https://www.podbean.com/eu/pb-cjfa5-baf5f3","iTunesLink":null,"previewImage":{"fluid":{"src":"//images.ctfassets.net/6iszzjgqnc39/5cnt0QjgNsuNHwwGqr0xz0/a801ad6193f0b23a52f35eb2978ee290/Washington-Sanchez.jpg?w=1600&q=50","srcSet":"//images.ctfassets.net/6iszzjgqnc39/5cnt0QjgNsuNHwwGqr0xz0/a801ad6193f0b23a52f35eb2978ee290/Washington-Sanchez.jpg?w=400&h=233&q=50 400w,\n//images.ctfassets.net/6iszzjgqnc39/5cnt0QjgNsuNHwwGqr0xz0/a801ad6193f0b23a52f35eb2978ee290/Washington-Sanchez.jpg?w=800&h=467&q=50 800w,\n//images.ctfassets.net/6iszzjgqnc39/5cnt0QjgNsuNHwwGqr0xz0/a801ad6193f0b23a52f35eb2978ee290/Washington-Sanchez.jpg?w=1200&h=700&q=50 1200w"}},"video":{"file":{"url":"//videos.ctfassets.net/6iszzjgqnc39/t4otbCJRahxadBw6BExx1/926541ddcbdb50c7ae59a353ec99cda9/Video_Washington_Sanchez.mp4"}}},{"episode":"Money as a Means, Not an End","episodeNumber":"10","name":"Griff Green","releaseDate":"2019-12-17T08:00-06:00","position":"Founder of Giveth.io","description":{"json":{"data":{},"content":[{"data":{},"content":[{"data":{},"marks":[],"value":"Griff Green gave us a look into his thought process revolving around the problematic economical system presently in effect. Hear his vision for making the role of money in people’s life a positive one and how that could be possible with cryptocurrency and other technologies.\n","nodeType":"text"}],"nodeType":"paragraph"},{"data":{},"content":[{"data":{},"marks":[],"value":"\"I'm a digital currency \"expert\", evangelist and public speaker, holding a masters degree on the topic. I am well connected and well liked in the Ethereum ecosystem. I founded Giveth to build software to support decentralized communities growth and development especially centered around non-profit causes. \n\nMy goal is to decentralize... EVERYTHING, empowering the individual whenever possible and to spread the good news of Digital Currencies around the world! If you want to understand why Digital Currencies matter... start here: https://www.youtube.com/watch?v=l1si5ZWLgy0\"","nodeType":"text"}],"nodeType":"paragraph"}],"nodeType":"document"}},"quote":{"json":{"data":{},"content":[{"data":{},"content":[{"data":{},"marks":[],"value":"\"We have this amazing ability to create economies out of nothing, and realign incentives.\"","nodeType":"text"}],"nodeType":"paragraph"}],"nodeType":"document"}},"youtubeShortLink":"https://youtu.be/wGG65shhV4Y","youtubeLongVersion":"https://youtu.be/61BNoezpr_w","podbeanLink":"https://www.podbean.com/ew/pb-d4c2x-baf61e","iTunesLink":null,"previewImage":{"fluid":{"src":"//images.ctfassets.net/6iszzjgqnc39/7jcGu3qQxK9RJNRnUwkElt/6cbd0dd3c8a99ea2fd771e4b834e4c5c/Griff-Green.jpg?w=1600&q=50","srcSet":"//images.ctfassets.net/6iszzjgqnc39/7jcGu3qQxK9RJNRnUwkElt/6cbd0dd3c8a99ea2fd771e4b834e4c5c/Griff-Green.jpg?w=400&h=233&q=50 400w,\n//images.ctfassets.net/6iszzjgqnc39/7jcGu3qQxK9RJNRnUwkElt/6cbd0dd3c8a99ea2fd771e4b834e4c5c/Griff-Green.jpg?w=800&h=467&q=50 800w,\n//images.ctfassets.net/6iszzjgqnc39/7jcGu3qQxK9RJNRnUwkElt/6cbd0dd3c8a99ea2fd771e4b834e4c5c/Griff-Green.jpg?w=1200&h=700&q=50 1200w"}},"video":{"file":{"url":"//videos.ctfassets.net/6iszzjgqnc39/2RMgZ428Pxj5LNy4TyIs5c/da1f0ed0ba1955d97b95b216509482f0/Video_Griff_Green.mp4"}}}]}}