{"pageContext":{"isCreatedByStatefulCreatePages":false,"episode":{"episode":"Is Your Money Worth Your Time?","episodeNumber":"04","name":"Paul Puey","releaseDate":"2019-09-24T08:00-06:00","position":"Co-Founder & CEO of Edge","description":{"json":{"data":{},"content":[{"data":{},"content":[{"data":{},"marks":[],"value":"Paul Puey sat down with us to discuss the foundational benefits of cryptocurrency. In this episode, he shares his view on the good and bad of advancing disruptive technologies and flattening hierarchies. ","nodeType":"text"}],"nodeType":"paragraph"},{"data":{},"content":[{"data":{},"marks":[],"value":"","nodeType":"text"}],"nodeType":"paragraph"},{"data":{},"content":[{"data":{},"marks":[],"value":"Paul is a proud Electrical Engineering and Computer Science graduate of UC Berkeley with a wide range of technical skills from low-level 3D graphics systems engineering to development of custom web CMS systems, back before people knew what a CMS was. \n\nHe held a lead engineering position with Nvidia and significantly contributed to the design of highly cross platform software architecture enabling code-reuse across multiple ASIC generations and across multiple operating systems. A stickler for proper architecture, he insists on projects being designed from the ground up for maintainability and scalability.","nodeType":"text"}],"nodeType":"paragraph"},{"data":{},"content":[{"data":{},"marks":[],"value":"","nodeType":"text"}],"nodeType":"paragraph"}],"nodeType":"document"}},"quote":{"json":{"data":{},"content":[{"data":{},"content":[{"data":{},"marks":[],"value":"\"A digital money, accessable by anyone, anywhere in the world is powerful and levels the playing field.\"","nodeType":"text"}],"nodeType":"paragraph"}],"nodeType":"document"}},"youtubeShortLink":"https://youtu.be/kj2SVvhB-Vw","youtubeLongVersion":"https://youtu.be/ieRmKc6l4Uk","podbeanLink":"https://www.podbean.com/eu/pb-792dw-baf5c2","iTunesLink":null,"previewImage":{"fluid":{"src":"//images.ctfassets.net/6iszzjgqnc39/35iI2jKoZnpmn2fPkbhXyk/c13aa23c71482ee2a1bb55f9ebb8fb1c/Paul-Puey.jpg?w=1600&q=50","srcSet":"//images.ctfassets.net/6iszzjgqnc39/35iI2jKoZnpmn2fPkbhXyk/c13aa23c71482ee2a1bb55f9ebb8fb1c/Paul-Puey.jpg?w=400&h=233&q=50 400w,\n//images.ctfassets.net/6iszzjgqnc39/35iI2jKoZnpmn2fPkbhXyk/c13aa23c71482ee2a1bb55f9ebb8fb1c/Paul-Puey.jpg?w=800&h=467&q=50 800w,\n//images.ctfassets.net/6iszzjgqnc39/35iI2jKoZnpmn2fPkbhXyk/c13aa23c71482ee2a1bb55f9ebb8fb1c/Paul-Puey.jpg?w=1200&h=700&q=50 1200w"}},"video":{"file":{"url":"//videos.ctfassets.net/6iszzjgqnc39/54DSHrnjlnPuSJTYagCefl/08d6ab79257915093dda6beaba4b6c64/Video_Paul_Puey.mp4"}}},"episodes":[{"episode":"Getting Everyone into the Game","episodeNumber":"05","name":"Nadav Hollander","releaseDate":"2019-10-08T08:00-06:00","position":"Founder of Dharma Labs","description":{"json":{"data":{},"content":[{"data":{},"content":[{"data":{},"marks":[],"value":"We talked with Nadav Hollander about the history of the financial system and the current crypto-backed lending space. He discusses his vision for fintech organizations and hope for a better world.","nodeType":"text"}],"nodeType":"paragraph"},{"data":{},"content":[{"data":{},"marks":[],"value":"Nadav Hollander is Founder and CEO of Dharma.io, a decentralized credit company.","nodeType":"text"}],"nodeType":"paragraph"},{"data":{},"content":[{"data":{},"marks":[],"value":"","nodeType":"text"}],"nodeType":"paragraph"}],"nodeType":"document"}},"quote":{"json":{"data":{},"content":[{"data":{},"content":[{"data":{},"marks":[],"value":"\"Fundamentally... we need to invent entirely new paradigms for user experiences.\"","nodeType":"text"}],"nodeType":"paragraph"}],"nodeType":"document"}},"youtubeShortLink":"https://youtu.be/V5JWmMlb7G8","youtubeLongVersion":"https://youtu.be/Zm0TcCMzpfk","podbeanLink":"https://www.podbean.com/eu/pb-9ueea-baf5be","iTunesLink":null,"previewImage":{"fluid":{"src":"//images.ctfassets.net/6iszzjgqnc39/552taNH5lanp6ENdSnqgtc/5b2f73dc6c14cb64600a92f19fff9161/Nadav-Hollander.jpg?w=1600&q=50","srcSet":"//images.ctfassets.net/6iszzjgqnc39/552taNH5lanp6ENdSnqgtc/5b2f73dc6c14cb64600a92f19fff9161/Nadav-Hollander.jpg?w=400&h=233&q=50 400w,\n//images.ctfassets.net/6iszzjgqnc39/552taNH5lanp6ENdSnqgtc/5b2f73dc6c14cb64600a92f19fff9161/Nadav-Hollander.jpg?w=800&h=467&q=50 800w,\n//images.ctfassets.net/6iszzjgqnc39/552taNH5lanp6ENdSnqgtc/5b2f73dc6c14cb64600a92f19fff9161/Nadav-Hollander.jpg?w=1200&h=700&q=50 1200w"}},"video":{"file":{"url":"//videos.ctfassets.net/6iszzjgqnc39/2sNsVdPNXaY3NIWRnyqqsT/93afdec717fc80f4379e9c6c615d6724/Video_Nadav_Hollander.mp4"}}},{"episode":"Freedom to Decentralize","episodeNumber":"07","name":"Washington Sanchez","releaseDate":"2019-11-05T08:00-06:00","position":"Co-Founder of OB1","description":{"json":{"data":{},"content":[{"data":{},"content":[{"data":{},"marks":[],"value":"In this episode of WYS, we discussed the idea of decentralized marketplaces with Washington Sanchez. He shared his thoughts on the intersection of freedom of commerce and freedom of speech and other places censorship-resistant technology could apply.","nodeType":"text"}],"nodeType":"paragraph"},{"data":{},"content":[{"data":{},"marks":[],"value":"","nodeType":"text"}],"nodeType":"paragraph"},{"data":{},"content":[{"data":{},"marks":[],"value":"Co-founder and CRO of OB1.io, and core developer for  OpenBazaar a decentralised marketplace where you can buy or sell anything for cryptocurrency.","nodeType":"text"}],"nodeType":"paragraph"},{"data":{},"content":[{"data":{},"marks":[],"value":"","nodeType":"text"}],"nodeType":"paragraph"}],"nodeType":"document"}},"quote":{"json":{"data":{},"content":[{"data":{},"content":[{"data":{},"marks":[],"value":"\"I think decentralization for decentralization's sake is a huge error.\"","nodeType":"text"}],"nodeType":"paragraph"}],"nodeType":"document"}},"youtubeShortLink":"https://youtu.be/7NvfM9ldfKU","youtubeLongVersion":"https://youtu.be/p5a7yasaBKc","podbeanLink":"https://www.podbean.com/eu/pb-cjfa5-baf5f3","iTunesLink":null,"previewImage":{"fluid":{"src":"//images.ctfassets.net/6iszzjgqnc39/5cnt0QjgNsuNHwwGqr0xz0/a801ad6193f0b23a52f35eb2978ee290/Washington-Sanchez.jpg?w=1600&q=50","srcSet":"//images.ctfassets.net/6iszzjgqnc39/5cnt0QjgNsuNHwwGqr0xz0/a801ad6193f0b23a52f35eb2978ee290/Washington-Sanchez.jpg?w=400&h=233&q=50 400w,\n//images.ctfassets.net/6iszzjgqnc39/5cnt0QjgNsuNHwwGqr0xz0/a801ad6193f0b23a52f35eb2978ee290/Washington-Sanchez.jpg?w=800&h=467&q=50 800w,\n//images.ctfassets.net/6iszzjgqnc39/5cnt0QjgNsuNHwwGqr0xz0/a801ad6193f0b23a52f35eb2978ee290/Washington-Sanchez.jpg?w=1200&h=700&q=50 1200w"}},"video":{"file":{"url":"//videos.ctfassets.net/6iszzjgqnc39/t4otbCJRahxadBw6BExx1/926541ddcbdb50c7ae59a353ec99cda9/Video_Washington_Sanchez.mp4"}}},{"episode":"Anarchy, Do You Speak It?","episodeNumber":"08","name":"Jeff Berwick","releaseDate":"2019-11-19T08:00-06:00","position":"Founder of The Dollar Vigilante","description":{"json":{"data":{},"content":[{"data":{},"content":[{"data":{},"marks":[],"value":"We sat down with Jeffrey Berwick to discuss the future of finance and how it could be guided. Listen to how crypto is changing the game and learn about the history and basic principles of anarchism. ","nodeType":"text"}],"nodeType":"paragraph"},{"data":{},"content":[{"data":{},"marks":[],"value":"","nodeType":"text"}],"nodeType":"paragraph"},{"data":{},"content":[{"data":{},"marks":[],"value":"Anarcho-Capitalist.  Libertarian.  Freedom fighter against mankind’s two biggest enemies, the State and the Central Banks.  Jeff Berwick is the founder of The Dollar Vigilante and host of the popular video podcast, Anarchast.  Jeff is a prominent speaker at many of the world’s freedom, investment and cryptocurrency conferences including his own, Anarchapulco, as well as regularly in the media including CNBC, Bloomberg and Fox Business.  Jeff also posts exclusive content daily to the new blockchain based social media network, Steemit.","nodeType":"text"}],"nodeType":"paragraph"},{"data":{},"content":[{"data":{},"marks":[],"value":"","nodeType":"text"}],"nodeType":"paragraph"}],"nodeType":"document"}},"quote":{"json":{"data":{},"content":[{"data":{},"content":[{"data":{},"marks":[],"value":"\"I think that if enough people understood what's really going on, I think a lot of people would walk away from 'the system'.\"","nodeType":"text"}],"nodeType":"paragraph"}],"nodeType":"document"}},"youtubeShortLink":"https://youtu.be/kwnUfzlscrc","youtubeLongVersion":"https://youtu.be/uemcTMp2IyI","podbeanLink":"https://www.podbean.com/eu/pb-gbu6w-baf60d","iTunesLink":null,"previewImage":{"fluid":{"src":"//images.ctfassets.net/6iszzjgqnc39/7LHOp9vCTeWfgbUVbrlGzE/4185e4b9225ed14153f7d2e4b1735844/Jeff-Berwick.jpg?w=1600&q=50","srcSet":"//images.ctfassets.net/6iszzjgqnc39/7LHOp9vCTeWfgbUVbrlGzE/4185e4b9225ed14153f7d2e4b1735844/Jeff-Berwick.jpg?w=400&h=233&q=50 400w,\n//images.ctfassets.net/6iszzjgqnc39/7LHOp9vCTeWfgbUVbrlGzE/4185e4b9225ed14153f7d2e4b1735844/Jeff-Berwick.jpg?w=800&h=467&q=50 800w,\n//images.ctfassets.net/6iszzjgqnc39/7LHOp9vCTeWfgbUVbrlGzE/4185e4b9225ed14153f7d2e4b1735844/Jeff-Berwick.jpg?w=1200&h=700&q=50 1200w"}},"video":{"file":{"url":"//videos.ctfassets.net/6iszzjgqnc39/73xG6RB8Dbb67lPDUPIjhe/e7fcd7362899c28f7f8578f8e1a93492/Video_Jeff_Berwick.mp4"}}}]}}