{"pageContext":{"isCreatedByStatefulCreatePages":false,"episode":{"episode":"Money as a Means, Not an End","episodeNumber":"10","name":"Griff Green","releaseDate":"2019-12-17T08:00-06:00","position":"Founder of Giveth.io","description":{"json":{"data":{},"content":[{"data":{},"content":[{"data":{},"marks":[],"value":"Griff Green gave us a look into his thought process revolving around the problematic economical system presently in effect. Hear his vision for making the role of money in people’s life a positive one and how that could be possible with cryptocurrency and other technologies.\n","nodeType":"text"}],"nodeType":"paragraph"},{"data":{},"content":[{"data":{},"marks":[],"value":"\"I'm a digital currency \"expert\", evangelist and public speaker, holding a masters degree on the topic. I am well connected and well liked in the Ethereum ecosystem. I founded Giveth to build software to support decentralized communities growth and development especially centered around non-profit causes. \n\nMy goal is to decentralize... EVERYTHING, empowering the individual whenever possible and to spread the good news of Digital Currencies around the world! If you want to understand why Digital Currencies matter... start here: https://www.youtube.com/watch?v=l1si5ZWLgy0\"","nodeType":"text"}],"nodeType":"paragraph"}],"nodeType":"document"}},"quote":{"json":{"data":{},"content":[{"data":{},"content":[{"data":{},"marks":[],"value":"\"We have this amazing ability to create economies out of nothing, and realign incentives.\"","nodeType":"text"}],"nodeType":"paragraph"}],"nodeType":"document"}},"youtubeShortLink":"https://youtu.be/wGG65shhV4Y","youtubeLongVersion":"https://youtu.be/61BNoezpr_w","podbeanLink":"https://www.podbean.com/ew/pb-d4c2x-baf61e","iTunesLink":null,"previewImage":{"fluid":{"src":"//images.ctfassets.net/6iszzjgqnc39/7jcGu3qQxK9RJNRnUwkElt/6cbd0dd3c8a99ea2fd771e4b834e4c5c/Griff-Green.jpg?w=1600&q=50","srcSet":"//images.ctfassets.net/6iszzjgqnc39/7jcGu3qQxK9RJNRnUwkElt/6cbd0dd3c8a99ea2fd771e4b834e4c5c/Griff-Green.jpg?w=400&h=233&q=50 400w,\n//images.ctfassets.net/6iszzjgqnc39/7jcGu3qQxK9RJNRnUwkElt/6cbd0dd3c8a99ea2fd771e4b834e4c5c/Griff-Green.jpg?w=800&h=467&q=50 800w,\n//images.ctfassets.net/6iszzjgqnc39/7jcGu3qQxK9RJNRnUwkElt/6cbd0dd3c8a99ea2fd771e4b834e4c5c/Griff-Green.jpg?w=1200&h=700&q=50 1200w"}},"video":{"file":{"url":"//videos.ctfassets.net/6iszzjgqnc39/2RMgZ428Pxj5LNy4TyIs5c/da1f0ed0ba1955d97b95b216509482f0/Video_Griff_Green.mp4"}}},"episodes":[{"episode":"Singing Bitcoin's Praises","episodeNumber":"06","name":"Tatiana Moroz","releaseDate":"2019-10-22T08:00-06:00","position":"Founder of Tatiana Coin and Crypto Media Hub","description":{"json":{"data":{},"content":[{"data":{},"content":[{"data":{},"marks":[],"value":"We talked with artist and crypto influencer, Tatiana Moroz. She explained the basic principles and benefits of her cryptocurrency, Tatiana Coin, and showed us the positive effect women and artists are having on the blockchain space.","nodeType":"text"}],"nodeType":"paragraph"},{"data":{},"content":[{"data":{},"marks":[],"value":"","nodeType":"text"}],"nodeType":"paragraph"},{"data":{},"content":[{"data":{},"marks":[],"value":"Tatiana Moroz is a soulful and outspoken singer-songwriter, and one of the pioneering artists in the Bitcoin and activist communities.\nFollowing the release of several independently produced LPs, EPs and singles, Tatiana’s album Keep The Faith was released in 2017 having been funded with cryptocurrency. Her music is a fresh take on the folk style of the revolutionary 60’s and 70’s, an original blend of pop, rock, blues, and alt country.\n\nTatiana is the creator of TatianaCoin, the world’s first ever artist cryptocurrency. Tatiana Coin and other artist coins allow for connecting fans to artists for direct sales, engagement, and special experiences uniquely enabled by blockchain tech that can create a peer to peer ecosystem. A driving force in the industry, she is also the Founder of Crypto Media Hub, a PR, marketing and advertising agency for the Bitcoin space and beyond. “The Tatiana Show” podcast streams on several outlets including the Let’s Talk Bitcoin network and is quickly growing.  ","nodeType":"text"}],"nodeType":"paragraph"},{"data":{},"content":[{"data":{},"marks":[],"value":"","nodeType":"text"}],"nodeType":"paragraph"}],"nodeType":"document"}},"quote":{"json":{"data":{},"content":[{"data":{},"content":[{"data":{},"marks":[],"value":"\"If you work at a bank, you can't talk about the revolution you can start with a cryptocurrency.\"","nodeType":"text"}],"nodeType":"paragraph"}],"nodeType":"document"}},"youtubeShortLink":"https://youtu.be/podAVWMZDQg","youtubeLongVersion":"https://youtu.be/vBbngYnHPOk","podbeanLink":"https://www.podbean.com/eu/pb-cpt6n-baf5db","iTunesLink":null,"previewImage":{"fluid":{"src":"//images.ctfassets.net/6iszzjgqnc39/5xOpONzbrqHWfBUl4tpYIR/caa52a0c8abd7cec11eddf7ce0be0d49/Tatiana-Moroz.jpg?w=1600&q=50","srcSet":"//images.ctfassets.net/6iszzjgqnc39/5xOpONzbrqHWfBUl4tpYIR/caa52a0c8abd7cec11eddf7ce0be0d49/Tatiana-Moroz.jpg?w=400&h=233&q=50 400w,\n//images.ctfassets.net/6iszzjgqnc39/5xOpONzbrqHWfBUl4tpYIR/caa52a0c8abd7cec11eddf7ce0be0d49/Tatiana-Moroz.jpg?w=800&h=467&q=50 800w,\n//images.ctfassets.net/6iszzjgqnc39/5xOpONzbrqHWfBUl4tpYIR/caa52a0c8abd7cec11eddf7ce0be0d49/Tatiana-Moroz.jpg?w=1200&h=700&q=50 1200w"}},"video":{"file":{"url":"//videos.ctfassets.net/6iszzjgqnc39/2fcfCwP6A6vGDHNqDvFzZm/cb0fd035512f73c1d883ed367d2573c7/Video_Tatiana_Moroz.mp4"}}},{"episode":"Freedom to Decentralize","episodeNumber":"07","name":"Washington Sanchez","releaseDate":"2019-11-05T08:00-06:00","position":"Co-Founder of OB1","description":{"json":{"data":{},"content":[{"data":{},"content":[{"data":{},"marks":[],"value":"In this episode of WYS, we discussed the idea of decentralized marketplaces with Washington Sanchez. He shared his thoughts on the intersection of freedom of commerce and freedom of speech and other places censorship-resistant technology could apply.","nodeType":"text"}],"nodeType":"paragraph"},{"data":{},"content":[{"data":{},"marks":[],"value":"","nodeType":"text"}],"nodeType":"paragraph"},{"data":{},"content":[{"data":{},"marks":[],"value":"Co-founder and CRO of OB1.io, and core developer for  OpenBazaar a decentralised marketplace where you can buy or sell anything for cryptocurrency.","nodeType":"text"}],"nodeType":"paragraph"},{"data":{},"content":[{"data":{},"marks":[],"value":"","nodeType":"text"}],"nodeType":"paragraph"}],"nodeType":"document"}},"quote":{"json":{"data":{},"content":[{"data":{},"content":[{"data":{},"marks":[],"value":"\"I think decentralization for decentralization's sake is a huge error.\"","nodeType":"text"}],"nodeType":"paragraph"}],"nodeType":"document"}},"youtubeShortLink":"https://youtu.be/7NvfM9ldfKU","youtubeLongVersion":"https://youtu.be/p5a7yasaBKc","podbeanLink":"https://www.podbean.com/eu/pb-cjfa5-baf5f3","iTunesLink":null,"previewImage":{"fluid":{"src":"//images.ctfassets.net/6iszzjgqnc39/5cnt0QjgNsuNHwwGqr0xz0/a801ad6193f0b23a52f35eb2978ee290/Washington-Sanchez.jpg?w=1600&q=50","srcSet":"//images.ctfassets.net/6iszzjgqnc39/5cnt0QjgNsuNHwwGqr0xz0/a801ad6193f0b23a52f35eb2978ee290/Washington-Sanchez.jpg?w=400&h=233&q=50 400w,\n//images.ctfassets.net/6iszzjgqnc39/5cnt0QjgNsuNHwwGqr0xz0/a801ad6193f0b23a52f35eb2978ee290/Washington-Sanchez.jpg?w=800&h=467&q=50 800w,\n//images.ctfassets.net/6iszzjgqnc39/5cnt0QjgNsuNHwwGqr0xz0/a801ad6193f0b23a52f35eb2978ee290/Washington-Sanchez.jpg?w=1200&h=700&q=50 1200w"}},"video":{"file":{"url":"//videos.ctfassets.net/6iszzjgqnc39/t4otbCJRahxadBw6BExx1/926541ddcbdb50c7ae59a353ec99cda9/Video_Washington_Sanchez.mp4"}}},{"episode":"Anarchy, Do You Speak It?","episodeNumber":"08","name":"Jeff Berwick","releaseDate":"2019-11-19T08:00-06:00","position":"Founder of The Dollar Vigilante","description":{"json":{"data":{},"content":[{"data":{},"content":[{"data":{},"marks":[],"value":"We sat down with Jeffrey Berwick to discuss the future of finance and how it could be guided. Listen to how crypto is changing the game and learn about the history and basic principles of anarchism. ","nodeType":"text"}],"nodeType":"paragraph"},{"data":{},"content":[{"data":{},"marks":[],"value":"","nodeType":"text"}],"nodeType":"paragraph"},{"data":{},"content":[{"data":{},"marks":[],"value":"Anarcho-Capitalist.  Libertarian.  Freedom fighter against mankind’s two biggest enemies, the State and the Central Banks.  Jeff Berwick is the founder of The Dollar Vigilante and host of the popular video podcast, Anarchast.  Jeff is a prominent speaker at many of the world’s freedom, investment and cryptocurrency conferences including his own, Anarchapulco, as well as regularly in the media including CNBC, Bloomberg and Fox Business.  Jeff also posts exclusive content daily to the new blockchain based social media network, Steemit.","nodeType":"text"}],"nodeType":"paragraph"},{"data":{},"content":[{"data":{},"marks":[],"value":"","nodeType":"text"}],"nodeType":"paragraph"}],"nodeType":"document"}},"quote":{"json":{"data":{},"content":[{"data":{},"content":[{"data":{},"marks":[],"value":"\"I think that if enough people understood what's really going on, I think a lot of people would walk away from 'the system'.\"","nodeType":"text"}],"nodeType":"paragraph"}],"nodeType":"document"}},"youtubeShortLink":"https://youtu.be/kwnUfzlscrc","youtubeLongVersion":"https://youtu.be/uemcTMp2IyI","podbeanLink":"https://www.podbean.com/eu/pb-gbu6w-baf60d","iTunesLink":null,"previewImage":{"fluid":{"src":"//images.ctfassets.net/6iszzjgqnc39/7LHOp9vCTeWfgbUVbrlGzE/4185e4b9225ed14153f7d2e4b1735844/Jeff-Berwick.jpg?w=1600&q=50","srcSet":"//images.ctfassets.net/6iszzjgqnc39/7LHOp9vCTeWfgbUVbrlGzE/4185e4b9225ed14153f7d2e4b1735844/Jeff-Berwick.jpg?w=400&h=233&q=50 400w,\n//images.ctfassets.net/6iszzjgqnc39/7LHOp9vCTeWfgbUVbrlGzE/4185e4b9225ed14153f7d2e4b1735844/Jeff-Berwick.jpg?w=800&h=467&q=50 800w,\n//images.ctfassets.net/6iszzjgqnc39/7LHOp9vCTeWfgbUVbrlGzE/4185e4b9225ed14153f7d2e4b1735844/Jeff-Berwick.jpg?w=1200&h=700&q=50 1200w"}},"video":{"file":{"url":"//videos.ctfassets.net/6iszzjgqnc39/73xG6RB8Dbb67lPDUPIjhe/e7fcd7362899c28f7f8578f8e1a93492/Video_Jeff_Berwick.mp4"}}}]}}