{"pageContext":{"isCreatedByStatefulCreatePages":false,"episode":{"episode":"Bringing Blockchain to the Party","episodeNumber":"02","name":"Shiv Madan","releaseDate":"2019-08-27T08:00-06:00","position":"CEO of Blockparty","description":{"json":{"data":{},"content":[{"data":{},"content":[{"data":{},"marks":[],"value":"We took a walk with Shiv Madan to discuss how his company, Blockparty, introduced blockchain into the entertainment industry. He shares his perspective on the future of the event industry in conjunction with blockchain technology.","nodeType":"text"}],"nodeType":"paragraph"},{"data":{},"content":[{"data":{},"marks":[],"value":"Shiv Madan is CEO of Blockparty, a blockchain event ticketing company. Earlier, he founded and built a number of technology and media companies, notably Ability Wearables, a wearable data startup that forged a marketing partnership with Samsung. He has held executive roles at eBay, Accenture, Lehman Brothers and Time Inc subsidiary NME.com.","nodeType":"text"}],"nodeType":"paragraph"}],"nodeType":"document"}},"quote":{"json":{"data":{},"content":[{"data":{},"content":[{"data":{},"marks":[],"value":"\"Maybe the ICO type of business model is something I could also use to fund the next album.\"","nodeType":"text"}],"nodeType":"paragraph"}],"nodeType":"document"}},"youtubeShortLink":"https://youtu.be/sgvF1Ej_bT8","youtubeLongVersion":"https://www.youtube.com/watch?v=IKnBjKiSR70","podbeanLink":"https://www.podbean.com/eu/pb-4ajjj-b9f45c","iTunesLink":"https://itunes.com","previewImage":{"fluid":{"src":"//images.ctfassets.net/6iszzjgqnc39/dS3PIjpSz3lPOfWGwCGFI/9625344657b1d02a4a01677b95882cbf/Shiv-Madan.jpg?w=1600&q=50","srcSet":"//images.ctfassets.net/6iszzjgqnc39/dS3PIjpSz3lPOfWGwCGFI/9625344657b1d02a4a01677b95882cbf/Shiv-Madan.jpg?w=400&h=233&q=50 400w,\n//images.ctfassets.net/6iszzjgqnc39/dS3PIjpSz3lPOfWGwCGFI/9625344657b1d02a4a01677b95882cbf/Shiv-Madan.jpg?w=800&h=467&q=50 800w,\n//images.ctfassets.net/6iszzjgqnc39/dS3PIjpSz3lPOfWGwCGFI/9625344657b1d02a4a01677b95882cbf/Shiv-Madan.jpg?w=1200&h=700&q=50 1200w"}},"video":{"file":{"url":"//videos.ctfassets.net/6iszzjgqnc39/5zjdHcQ9jCbnarsO8Bz8Z7/4910e33960ab0251324c36f7caba7606/WYS_Shiv_Madan.mp4"}}},"episodes":[{"episode":"Is Your Money Worth Your Time?","episodeNumber":"04","name":"Paul Puey","releaseDate":"2019-09-24T08:00-06:00","position":"Co-Founder & CEO of Edge","description":{"json":{"data":{},"content":[{"data":{},"content":[{"data":{},"marks":[],"value":"Paul Puey sat down with us to discuss the foundational benefits of cryptocurrency. In this episode, he shares his view on the good and bad of advancing disruptive technologies and flattening hierarchies. ","nodeType":"text"}],"nodeType":"paragraph"},{"data":{},"content":[{"data":{},"marks":[],"value":"","nodeType":"text"}],"nodeType":"paragraph"},{"data":{},"content":[{"data":{},"marks":[],"value":"Paul is a proud Electrical Engineering and Computer Science graduate of UC Berkeley with a wide range of technical skills from low-level 3D graphics systems engineering to development of custom web CMS systems, back before people knew what a CMS was. \n\nHe held a lead engineering position with Nvidia and significantly contributed to the design of highly cross platform software architecture enabling code-reuse across multiple ASIC generations and across multiple operating systems. A stickler for proper architecture, he insists on projects being designed from the ground up for maintainability and scalability.","nodeType":"text"}],"nodeType":"paragraph"},{"data":{},"content":[{"data":{},"marks":[],"value":"","nodeType":"text"}],"nodeType":"paragraph"}],"nodeType":"document"}},"quote":{"json":{"data":{},"content":[{"data":{},"content":[{"data":{},"marks":[],"value":"\"A digital money, accessable by anyone, anywhere in the world is powerful and levels the playing field.\"","nodeType":"text"}],"nodeType":"paragraph"}],"nodeType":"document"}},"youtubeShortLink":"https://youtu.be/kj2SVvhB-Vw","youtubeLongVersion":"https://youtu.be/ieRmKc6l4Uk","podbeanLink":"https://www.podbean.com/eu/pb-792dw-baf5c2","iTunesLink":null,"previewImage":{"fluid":{"src":"//images.ctfassets.net/6iszzjgqnc39/35iI2jKoZnpmn2fPkbhXyk/c13aa23c71482ee2a1bb55f9ebb8fb1c/Paul-Puey.jpg?w=1600&q=50","srcSet":"//images.ctfassets.net/6iszzjgqnc39/35iI2jKoZnpmn2fPkbhXyk/c13aa23c71482ee2a1bb55f9ebb8fb1c/Paul-Puey.jpg?w=400&h=233&q=50 400w,\n//images.ctfassets.net/6iszzjgqnc39/35iI2jKoZnpmn2fPkbhXyk/c13aa23c71482ee2a1bb55f9ebb8fb1c/Paul-Puey.jpg?w=800&h=467&q=50 800w,\n//images.ctfassets.net/6iszzjgqnc39/35iI2jKoZnpmn2fPkbhXyk/c13aa23c71482ee2a1bb55f9ebb8fb1c/Paul-Puey.jpg?w=1200&h=700&q=50 1200w"}},"video":{"file":{"url":"//videos.ctfassets.net/6iszzjgqnc39/54DSHrnjlnPuSJTYagCefl/08d6ab79257915093dda6beaba4b6c64/Video_Paul_Puey.mp4"}}},{"episode":"Getting Everyone into the Game","episodeNumber":"05","name":"Nadav Hollander","releaseDate":"2019-10-08T08:00-06:00","position":"Founder of Dharma Labs","description":{"json":{"data":{},"content":[{"data":{},"content":[{"data":{},"marks":[],"value":"We talked with Nadav Hollander about the history of the financial system and the current crypto-backed lending space. He discusses his vision for fintech organizations and hope for a better world.","nodeType":"text"}],"nodeType":"paragraph"},{"data":{},"content":[{"data":{},"marks":[],"value":"Nadav Hollander is Founder and CEO of Dharma.io, a decentralized credit company.","nodeType":"text"}],"nodeType":"paragraph"},{"data":{},"content":[{"data":{},"marks":[],"value":"","nodeType":"text"}],"nodeType":"paragraph"}],"nodeType":"document"}},"quote":{"json":{"data":{},"content":[{"data":{},"content":[{"data":{},"marks":[],"value":"\"Fundamentally... we need to invent entirely new paradigms for user experiences.\"","nodeType":"text"}],"nodeType":"paragraph"}],"nodeType":"document"}},"youtubeShortLink":"https://youtu.be/V5JWmMlb7G8","youtubeLongVersion":"https://youtu.be/Zm0TcCMzpfk","podbeanLink":"https://www.podbean.com/eu/pb-9ueea-baf5be","iTunesLink":null,"previewImage":{"fluid":{"src":"//images.ctfassets.net/6iszzjgqnc39/552taNH5lanp6ENdSnqgtc/5b2f73dc6c14cb64600a92f19fff9161/Nadav-Hollander.jpg?w=1600&q=50","srcSet":"//images.ctfassets.net/6iszzjgqnc39/552taNH5lanp6ENdSnqgtc/5b2f73dc6c14cb64600a92f19fff9161/Nadav-Hollander.jpg?w=400&h=233&q=50 400w,\n//images.ctfassets.net/6iszzjgqnc39/552taNH5lanp6ENdSnqgtc/5b2f73dc6c14cb64600a92f19fff9161/Nadav-Hollander.jpg?w=800&h=467&q=50 800w,\n//images.ctfassets.net/6iszzjgqnc39/552taNH5lanp6ENdSnqgtc/5b2f73dc6c14cb64600a92f19fff9161/Nadav-Hollander.jpg?w=1200&h=700&q=50 1200w"}},"video":{"file":{"url":"//videos.ctfassets.net/6iszzjgqnc39/2sNsVdPNXaY3NIWRnyqqsT/93afdec717fc80f4379e9c6c615d6724/Video_Nadav_Hollander.mp4"}}},{"episode":"Money as a Means, Not an End","episodeNumber":"10","name":"Griff Green","releaseDate":"2019-12-17T08:00-06:00","position":"Founder of Giveth.io","description":{"json":{"data":{},"content":[{"data":{},"content":[{"data":{},"marks":[],"value":"Griff Green gave us a look into his thought process revolving around the problematic economical system presently in effect. Hear his vision for making the role of money in people’s life a positive one and how that could be possible with cryptocurrency and other technologies.\n","nodeType":"text"}],"nodeType":"paragraph"},{"data":{},"content":[{"data":{},"marks":[],"value":"\"I'm a digital currency \"expert\", evangelist and public speaker, holding a masters degree on the topic. I am well connected and well liked in the Ethereum ecosystem. I founded Giveth to build software to support decentralized communities growth and development especially centered around non-profit causes. \n\nMy goal is to decentralize... EVERYTHING, empowering the individual whenever possible and to spread the good news of Digital Currencies around the world! If you want to understand why Digital Currencies matter... start here: https://www.youtube.com/watch?v=l1si5ZWLgy0\"","nodeType":"text"}],"nodeType":"paragraph"}],"nodeType":"document"}},"quote":{"json":{"data":{},"content":[{"data":{},"content":[{"data":{},"marks":[],"value":"\"We have this amazing ability to create economies out of nothing, and realign incentives.\"","nodeType":"text"}],"nodeType":"paragraph"}],"nodeType":"document"}},"youtubeShortLink":"https://youtu.be/wGG65shhV4Y","youtubeLongVersion":"https://youtu.be/61BNoezpr_w","podbeanLink":"https://www.podbean.com/ew/pb-d4c2x-baf61e","iTunesLink":null,"previewImage":{"fluid":{"src":"//images.ctfassets.net/6iszzjgqnc39/7jcGu3qQxK9RJNRnUwkElt/6cbd0dd3c8a99ea2fd771e4b834e4c5c/Griff-Green.jpg?w=1600&q=50","srcSet":"//images.ctfassets.net/6iszzjgqnc39/7jcGu3qQxK9RJNRnUwkElt/6cbd0dd3c8a99ea2fd771e4b834e4c5c/Griff-Green.jpg?w=400&h=233&q=50 400w,\n//images.ctfassets.net/6iszzjgqnc39/7jcGu3qQxK9RJNRnUwkElt/6cbd0dd3c8a99ea2fd771e4b834e4c5c/Griff-Green.jpg?w=800&h=467&q=50 800w,\n//images.ctfassets.net/6iszzjgqnc39/7jcGu3qQxK9RJNRnUwkElt/6cbd0dd3c8a99ea2fd771e4b834e4c5c/Griff-Green.jpg?w=1200&h=700&q=50 1200w"}},"video":{"file":{"url":"//videos.ctfassets.net/6iszzjgqnc39/2RMgZ428Pxj5LNy4TyIs5c/da1f0ed0ba1955d97b95b216509482f0/Video_Griff_Green.mp4"}}}]}}