{"pageContext":{"isCreatedByStatefulCreatePages":false,"episodes":[{"episode":"Money is the Message","episodeNumber":"11","name":"David Chaum","releaseDate":"2019-12-31T08:00-06:00","position":"CEO of ELIXXIR","description":{"json":{"data":{},"content":[{"data":{},"content":[{"data":{},"marks":[],"value":"We had the chance sat down with the inventor of digital cash, David Chaum to discuss the history of payment systems and how that has enabled the fusion of messaging with payments. He shares his insights on solving the problems that are infringing on societies digital and personal sovereignty. ","nodeType":"text"}],"nodeType":"paragraph"},{"data":{},"content":[{"data":{},"marks":[],"value":"","nodeType":"text"}],"nodeType":"paragraph"},{"data":{},"content":[{"data":{},"marks":[],"value":"Widely recognized as the inventor of digital cash, David is currently leading the Elixxir project to provide scalable digital sovereignty. He is also known for other fundamental innovations in cryptography, including privacy technology and secure election systems. With a PhD in Computer Science from UC Berkeley, he taught at NYU Graduate School of Business and the University of California, led a number of breakthrough projects as well as founded the International Association for Cryptologic Research, the cryptography group at the Center for Mathematics and Computer Science in Amsterdam, DigiCash, the Voting Systems Institute, and the Perspectiva Fund.","nodeType":"text"}],"nodeType":"paragraph"}],"nodeType":"document"}},"quote":{"json":{"data":{},"content":[{"data":{},"content":[{"data":{},"marks":[],"value":"\"In retrospect... the phone companies were so powerful, it seemed incomprehensable that they would ever lose their grip.\"","nodeType":"text"}],"nodeType":"paragraph"}],"nodeType":"document"}},"youtubeShortLink":"https://youtu.be/75Hhv-d7GqE","youtubeLongVersion":"https://youtu.be/BMtq2RuBayY ","podbeanLink":"https://www.podbean.com/media/share/pb-66t2r-d14a82","iTunesLink":null,"previewImage":{"fluid":{"src":"//images.ctfassets.net/6iszzjgqnc39/3OBUvQpPLXSTMOH9ejCEYG/ae57cb598e93a23739a4aa2bbef6620a/David-Chaum.jpg?w=1600&q=50","srcSet":"//images.ctfassets.net/6iszzjgqnc39/3OBUvQpPLXSTMOH9ejCEYG/ae57cb598e93a23739a4aa2bbef6620a/David-Chaum.jpg?w=400&h=233&q=50 400w,\n//images.ctfassets.net/6iszzjgqnc39/3OBUvQpPLXSTMOH9ejCEYG/ae57cb598e93a23739a4aa2bbef6620a/David-Chaum.jpg?w=800&h=467&q=50 800w,\n//images.ctfassets.net/6iszzjgqnc39/3OBUvQpPLXSTMOH9ejCEYG/ae57cb598e93a23739a4aa2bbef6620a/David-Chaum.jpg?w=1200&h=700&q=50 1200w"}},"video":{"file":{"url":"//videos.ctfassets.net/6iszzjgqnc39/1qobftx4tzzC2YAd6waT38/af9679a88c84e89cfb7c8fe62a29e5bc/Video_David_Chaum.mp4"}}},{"episode":"Money as a Means, Not an End","episodeNumber":"10","name":"Griff Green","releaseDate":"2019-12-17T08:00-06:00","position":"Founder of Giveth.io","description":{"json":{"data":{},"content":[{"data":{},"content":[{"data":{},"marks":[],"value":"Griff Green gave us a look into his thought process revolving around the problematic economical system presently in effect. Hear his vision for making the role of money in people’s life a positive one and how that could be possible with cryptocurrency and other technologies.\n","nodeType":"text"}],"nodeType":"paragraph"},{"data":{},"content":[{"data":{},"marks":[],"value":"\"I'm a digital currency \"expert\", evangelist and public speaker, holding a masters degree on the topic. I am well connected and well liked in the Ethereum ecosystem. I founded Giveth to build software to support decentralized communities growth and development especially centered around non-profit causes. \n\nMy goal is to decentralize... EVERYTHING, empowering the individual whenever possible and to spread the good news of Digital Currencies around the world! If you want to understand why Digital Currencies matter... start here: https://www.youtube.com/watch?v=l1si5ZWLgy0\"","nodeType":"text"}],"nodeType":"paragraph"}],"nodeType":"document"}},"quote":{"json":{"data":{},"content":[{"data":{},"content":[{"data":{},"marks":[],"value":"\"We have this amazing ability to create economies out of nothing, and realign incentives.\"","nodeType":"text"}],"nodeType":"paragraph"}],"nodeType":"document"}},"youtubeShortLink":"https://youtu.be/wGG65shhV4Y","youtubeLongVersion":"https://youtu.be/61BNoezpr_w","podbeanLink":"https://www.podbean.com/ew/pb-d4c2x-baf61e","iTunesLink":null,"previewImage":{"fluid":{"src":"//images.ctfassets.net/6iszzjgqnc39/7jcGu3qQxK9RJNRnUwkElt/6cbd0dd3c8a99ea2fd771e4b834e4c5c/Griff-Green.jpg?w=1600&q=50","srcSet":"//images.ctfassets.net/6iszzjgqnc39/7jcGu3qQxK9RJNRnUwkElt/6cbd0dd3c8a99ea2fd771e4b834e4c5c/Griff-Green.jpg?w=400&h=233&q=50 400w,\n//images.ctfassets.net/6iszzjgqnc39/7jcGu3qQxK9RJNRnUwkElt/6cbd0dd3c8a99ea2fd771e4b834e4c5c/Griff-Green.jpg?w=800&h=467&q=50 800w,\n//images.ctfassets.net/6iszzjgqnc39/7jcGu3qQxK9RJNRnUwkElt/6cbd0dd3c8a99ea2fd771e4b834e4c5c/Griff-Green.jpg?w=1200&h=700&q=50 1200w"}},"video":{"file":{"url":"//videos.ctfassets.net/6iszzjgqnc39/2RMgZ428Pxj5LNy4TyIs5c/da1f0ed0ba1955d97b95b216509482f0/Video_Griff_Green.mp4"}}},{"episode":"Anarchy, Do You Speak It?","episodeNumber":"08","name":"Jeff Berwick","releaseDate":"2019-11-19T08:00-06:00","position":"Founder of The Dollar Vigilante","description":{"json":{"data":{},"content":[{"data":{},"content":[{"data":{},"marks":[],"value":"We sat down with Jeffrey Berwick to discuss the future of finance and how it could be guided. Listen to how crypto is changing the game and learn about the history and basic principles of anarchism. ","nodeType":"text"}],"nodeType":"paragraph"},{"data":{},"content":[{"data":{},"marks":[],"value":"","nodeType":"text"}],"nodeType":"paragraph"},{"data":{},"content":[{"data":{},"marks":[],"value":"Anarcho-Capitalist.  Libertarian.  Freedom fighter against mankind’s two biggest enemies, the State and the Central Banks.  Jeff Berwick is the founder of The Dollar Vigilante and host of the popular video podcast, Anarchast.  Jeff is a prominent speaker at many of the world’s freedom, investment and cryptocurrency conferences including his own, Anarchapulco, as well as regularly in the media including CNBC, Bloomberg and Fox Business.  Jeff also posts exclusive content daily to the new blockchain based social media network, Steemit.","nodeType":"text"}],"nodeType":"paragraph"},{"data":{},"content":[{"data":{},"marks":[],"value":"","nodeType":"text"}],"nodeType":"paragraph"}],"nodeType":"document"}},"quote":{"json":{"data":{},"content":[{"data":{},"content":[{"data":{},"marks":[],"value":"\"I think that if enough people understood what's really going on, I think a lot of people would walk away from 'the system'.\"","nodeType":"text"}],"nodeType":"paragraph"}],"nodeType":"document"}},"youtubeShortLink":"https://youtu.be/kwnUfzlscrc","youtubeLongVersion":"https://youtu.be/uemcTMp2IyI","podbeanLink":"https://www.podbean.com/eu/pb-gbu6w-baf60d","iTunesLink":null,"previewImage":{"fluid":{"src":"//images.ctfassets.net/6iszzjgqnc39/7LHOp9vCTeWfgbUVbrlGzE/4185e4b9225ed14153f7d2e4b1735844/Jeff-Berwick.jpg?w=1600&q=50","srcSet":"//images.ctfassets.net/6iszzjgqnc39/7LHOp9vCTeWfgbUVbrlGzE/4185e4b9225ed14153f7d2e4b1735844/Jeff-Berwick.jpg?w=400&h=233&q=50 400w,\n//images.ctfassets.net/6iszzjgqnc39/7LHOp9vCTeWfgbUVbrlGzE/4185e4b9225ed14153f7d2e4b1735844/Jeff-Berwick.jpg?w=800&h=467&q=50 800w,\n//images.ctfassets.net/6iszzjgqnc39/7LHOp9vCTeWfgbUVbrlGzE/4185e4b9225ed14153f7d2e4b1735844/Jeff-Berwick.jpg?w=1200&h=700&q=50 1200w"}},"video":{"file":{"url":"//videos.ctfassets.net/6iszzjgqnc39/73xG6RB8Dbb67lPDUPIjhe/e7fcd7362899c28f7f8578f8e1a93492/Video_Jeff_Berwick.mp4"}}},{"episode":"Freedom to Decentralize","episodeNumber":"07","name":"Washington Sanchez","releaseDate":"2019-11-05T08:00-06:00","position":"Co-Founder of OB1","description":{"json":{"data":{},"content":[{"data":{},"content":[{"data":{},"marks":[],"value":"In this episode of WYS, we discussed the idea of decentralized marketplaces with Washington Sanchez. He shared his thoughts on the intersection of freedom of commerce and freedom of speech and other places censorship-resistant technology could apply.","nodeType":"text"}],"nodeType":"paragraph"},{"data":{},"content":[{"data":{},"marks":[],"value":"","nodeType":"text"}],"nodeType":"paragraph"},{"data":{},"content":[{"data":{},"marks":[],"value":"Co-founder and CRO of OB1.io, and core developer for  OpenBazaar a decentralised marketplace where you can buy or sell anything for cryptocurrency.","nodeType":"text"}],"nodeType":"paragraph"},{"data":{},"content":[{"data":{},"marks":[],"value":"","nodeType":"text"}],"nodeType":"paragraph"}],"nodeType":"document"}},"quote":{"json":{"data":{},"content":[{"data":{},"content":[{"data":{},"marks":[],"value":"\"I think decentralization for decentralization's sake is a huge error.\"","nodeType":"text"}],"nodeType":"paragraph"}],"nodeType":"document"}},"youtubeShortLink":"https://youtu.be/7NvfM9ldfKU","youtubeLongVersion":"https://youtu.be/p5a7yasaBKc","podbeanLink":"https://www.podbean.com/eu/pb-cjfa5-baf5f3","iTunesLink":null,"previewImage":{"fluid":{"src":"//images.ctfassets.net/6iszzjgqnc39/5cnt0QjgNsuNHwwGqr0xz0/a801ad6193f0b23a52f35eb2978ee290/Washington-Sanchez.jpg?w=1600&q=50","srcSet":"//images.ctfassets.net/6iszzjgqnc39/5cnt0QjgNsuNHwwGqr0xz0/a801ad6193f0b23a52f35eb2978ee290/Washington-Sanchez.jpg?w=400&h=233&q=50 400w,\n//images.ctfassets.net/6iszzjgqnc39/5cnt0QjgNsuNHwwGqr0xz0/a801ad6193f0b23a52f35eb2978ee290/Washington-Sanchez.jpg?w=800&h=467&q=50 800w,\n//images.ctfassets.net/6iszzjgqnc39/5cnt0QjgNsuNHwwGqr0xz0/a801ad6193f0b23a52f35eb2978ee290/Washington-Sanchez.jpg?w=1200&h=700&q=50 1200w"}},"video":{"file":{"url":"//videos.ctfassets.net/6iszzjgqnc39/t4otbCJRahxadBw6BExx1/926541ddcbdb50c7ae59a353ec99cda9/Video_Washington_Sanchez.mp4"}}},{"episode":"Singing Bitcoin's Praises","episodeNumber":"06","name":"Tatiana Moroz","releaseDate":"2019-10-22T08:00-06:00","position":"Founder of Tatiana Coin and Crypto Media Hub","description":{"json":{"data":{},"content":[{"data":{},"content":[{"data":{},"marks":[],"value":"We talked with artist and crypto influencer, Tatiana Moroz. She explained the basic principles and benefits of her cryptocurrency, Tatiana Coin, and showed us the positive effect women and artists are having on the blockchain space.","nodeType":"text"}],"nodeType":"paragraph"},{"data":{},"content":[{"data":{},"marks":[],"value":"","nodeType":"text"}],"nodeType":"paragraph"},{"data":{},"content":[{"data":{},"marks":[],"value":"Tatiana Moroz is a soulful and outspoken singer-songwriter, and one of the pioneering artists in the Bitcoin and activist communities.\nFollowing the release of several independently produced LPs, EPs and singles, Tatiana’s album Keep The Faith was released in 2017 having been funded with cryptocurrency. Her music is a fresh take on the folk style of the revolutionary 60’s and 70’s, an original blend of pop, rock, blues, and alt country.\n\nTatiana is the creator of TatianaCoin, the world’s first ever artist cryptocurrency. Tatiana Coin and other artist coins allow for connecting fans to artists for direct sales, engagement, and special experiences uniquely enabled by blockchain tech that can create a peer to peer ecosystem. A driving force in the industry, she is also the Founder of Crypto Media Hub, a PR, marketing and advertising agency for the Bitcoin space and beyond. “The Tatiana Show” podcast streams on several outlets including the Let’s Talk Bitcoin network and is quickly growing.  ","nodeType":"text"}],"nodeType":"paragraph"},{"data":{},"content":[{"data":{},"marks":[],"value":"","nodeType":"text"}],"nodeType":"paragraph"}],"nodeType":"document"}},"quote":{"json":{"data":{},"content":[{"data":{},"content":[{"data":{},"marks":[],"value":"\"If you work at a bank, you can't talk about the revolution you can start with a cryptocurrency.\"","nodeType":"text"}],"nodeType":"paragraph"}],"nodeType":"document"}},"youtubeShortLink":"https://youtu.be/podAVWMZDQg","youtubeLongVersion":"https://youtu.be/vBbngYnHPOk","podbeanLink":"https://www.podbean.com/eu/pb-cpt6n-baf5db","iTunesLink":null,"previewImage":{"fluid":{"src":"//images.ctfassets.net/6iszzjgqnc39/5xOpONzbrqHWfBUl4tpYIR/caa52a0c8abd7cec11eddf7ce0be0d49/Tatiana-Moroz.jpg?w=1600&q=50","srcSet":"//images.ctfassets.net/6iszzjgqnc39/5xOpONzbrqHWfBUl4tpYIR/caa52a0c8abd7cec11eddf7ce0be0d49/Tatiana-Moroz.jpg?w=400&h=233&q=50 400w,\n//images.ctfassets.net/6iszzjgqnc39/5xOpONzbrqHWfBUl4tpYIR/caa52a0c8abd7cec11eddf7ce0be0d49/Tatiana-Moroz.jpg?w=800&h=467&q=50 800w,\n//images.ctfassets.net/6iszzjgqnc39/5xOpONzbrqHWfBUl4tpYIR/caa52a0c8abd7cec11eddf7ce0be0d49/Tatiana-Moroz.jpg?w=1200&h=700&q=50 1200w"}},"video":{"file":{"url":"//videos.ctfassets.net/6iszzjgqnc39/2fcfCwP6A6vGDHNqDvFzZm/cb0fd035512f73c1d883ed367d2573c7/Video_Tatiana_Moroz.mp4"}}},{"episode":"Getting Everyone into the Game","episodeNumber":"05","name":"Nadav Hollander","releaseDate":"2019-10-08T08:00-06:00","position":"Founder of Dharma Labs","description":{"json":{"data":{},"content":[{"data":{},"content":[{"data":{},"marks":[],"value":"We talked with Nadav Hollander about the history of the financial system and the current crypto-backed lending space. He discusses his vision for fintech organizations and hope for a better world.","nodeType":"text"}],"nodeType":"paragraph"},{"data":{},"content":[{"data":{},"marks":[],"value":"Nadav Hollander is Founder and CEO of Dharma.io, a decentralized credit company.","nodeType":"text"}],"nodeType":"paragraph"},{"data":{},"content":[{"data":{},"marks":[],"value":"","nodeType":"text"}],"nodeType":"paragraph"}],"nodeType":"document"}},"quote":{"json":{"data":{},"content":[{"data":{},"content":[{"data":{},"marks":[],"value":"\"Fundamentally... we need to invent entirely new paradigms for user experiences.\"","nodeType":"text"}],"nodeType":"paragraph"}],"nodeType":"document"}},"youtubeShortLink":"https://youtu.be/V5JWmMlb7G8","youtubeLongVersion":"https://youtu.be/Zm0TcCMzpfk","podbeanLink":"https://www.podbean.com/eu/pb-9ueea-baf5be","iTunesLink":null,"previewImage":{"fluid":{"src":"//images.ctfassets.net/6iszzjgqnc39/552taNH5lanp6ENdSnqgtc/5b2f73dc6c14cb64600a92f19fff9161/Nadav-Hollander.jpg?w=1600&q=50","srcSet":"//images.ctfassets.net/6iszzjgqnc39/552taNH5lanp6ENdSnqgtc/5b2f73dc6c14cb64600a92f19fff9161/Nadav-Hollander.jpg?w=400&h=233&q=50 400w,\n//images.ctfassets.net/6iszzjgqnc39/552taNH5lanp6ENdSnqgtc/5b2f73dc6c14cb64600a92f19fff9161/Nadav-Hollander.jpg?w=800&h=467&q=50 800w,\n//images.ctfassets.net/6iszzjgqnc39/552taNH5lanp6ENdSnqgtc/5b2f73dc6c14cb64600a92f19fff9161/Nadav-Hollander.jpg?w=1200&h=700&q=50 1200w"}},"video":{"file":{"url":"//videos.ctfassets.net/6iszzjgqnc39/2sNsVdPNXaY3NIWRnyqqsT/93afdec717fc80f4379e9c6c615d6724/Video_Nadav_Hollander.mp4"}}},{"episode":"Is Your Money Worth Your Time?","episodeNumber":"04","name":"Paul Puey","releaseDate":"2019-09-24T08:00-06:00","position":"Co-Founder & CEO of Edge","description":{"json":{"data":{},"content":[{"data":{},"content":[{"data":{},"marks":[],"value":"Paul Puey sat down with us to discuss the foundational benefits of cryptocurrency. In this episode, he shares his view on the good and bad of advancing disruptive technologies and flattening hierarchies. ","nodeType":"text"}],"nodeType":"paragraph"},{"data":{},"content":[{"data":{},"marks":[],"value":"","nodeType":"text"}],"nodeType":"paragraph"},{"data":{},"content":[{"data":{},"marks":[],"value":"Paul is a proud Electrical Engineering and Computer Science graduate of UC Berkeley with a wide range of technical skills from low-level 3D graphics systems engineering to development of custom web CMS systems, back before people knew what a CMS was. \n\nHe held a lead engineering position with Nvidia and significantly contributed to the design of highly cross platform software architecture enabling code-reuse across multiple ASIC generations and across multiple operating systems. A stickler for proper architecture, he insists on projects being designed from the ground up for maintainability and scalability.","nodeType":"text"}],"nodeType":"paragraph"},{"data":{},"content":[{"data":{},"marks":[],"value":"","nodeType":"text"}],"nodeType":"paragraph"}],"nodeType":"document"}},"quote":{"json":{"data":{},"content":[{"data":{},"content":[{"data":{},"marks":[],"value":"\"A digital money, accessable by anyone, anywhere in the world is powerful and levels the playing field.\"","nodeType":"text"}],"nodeType":"paragraph"}],"nodeType":"document"}},"youtubeShortLink":"https://youtu.be/kj2SVvhB-Vw","youtubeLongVersion":"https://youtu.be/ieRmKc6l4Uk","podbeanLink":"https://www.podbean.com/eu/pb-792dw-baf5c2","iTunesLink":null,"previewImage":{"fluid":{"src":"//images.ctfassets.net/6iszzjgqnc39/35iI2jKoZnpmn2fPkbhXyk/c13aa23c71482ee2a1bb55f9ebb8fb1c/Paul-Puey.jpg?w=1600&q=50","srcSet":"//images.ctfassets.net/6iszzjgqnc39/35iI2jKoZnpmn2fPkbhXyk/c13aa23c71482ee2a1bb55f9ebb8fb1c/Paul-Puey.jpg?w=400&h=233&q=50 400w,\n//images.ctfassets.net/6iszzjgqnc39/35iI2jKoZnpmn2fPkbhXyk/c13aa23c71482ee2a1bb55f9ebb8fb1c/Paul-Puey.jpg?w=800&h=467&q=50 800w,\n//images.ctfassets.net/6iszzjgqnc39/35iI2jKoZnpmn2fPkbhXyk/c13aa23c71482ee2a1bb55f9ebb8fb1c/Paul-Puey.jpg?w=1200&h=700&q=50 1200w"}},"video":{"file":{"url":"//videos.ctfassets.net/6iszzjgqnc39/54DSHrnjlnPuSJTYagCefl/08d6ab79257915093dda6beaba4b6c64/Video_Paul_Puey.mp4"}}},{"episode":"The Tightrope of Economics","episodeNumber":"03","name":"Jeffrey Tucker","releaseDate":"2019-09-10T08:00-06:00","position":"Editorial Dir. and VP of American Institute for Economic Research","description":{"json":{"data":{},"content":[{"data":{},"content":[{"data":{},"marks":[],"value":"Jeffrey Tucker explained his overarching theory of knowledge with regards to economy, government, and, of course, cryptocurrency. Hear his opinion on the past and future of technology and society in this episode of WYS.","nodeType":"text"}],"nodeType":"paragraph"},{"data":{},"content":[{"data":{},"marks":[],"value":"","nodeType":"text"}],"nodeType":"paragraph"},{"data":{},"content":[{"data":{},"marks":[],"value":"Jeffrey Tucker is a former Director of Content for the Foundation for Economic Education. He is the Editorial Director at the American Institute for Economic Research, a managing partner of Vellum Capital, the founder of Liberty.me, Distinguished Honorary Member of Mises Brazil, economics adviser to FreeSociety.com, research fellow at the Acton Institute, policy adviser of the Heartland Institute, founder of the CryptoCurrency Conference, member of the editorial board of the Molinari Review, an advisor to the blockchain application builder Factom, and author of five books.","nodeType":"text"}],"nodeType":"paragraph"}],"nodeType":"document"}},"quote":{"json":{"data":{},"content":[{"data":{},"content":[{"data":{},"marks":[],"value":"\"When the narrative of history takes an unexpected course... that delights me.\"","nodeType":"text"}],"nodeType":"paragraph"}],"nodeType":"document"}},"youtubeShortLink":"https://youtu.be/cXB3MZ8QRn4","youtubeLongVersion":"https://youtu.be/xHx_FTFxLWE","podbeanLink":"https://www.podbean.com/eu/pb-ph85t-baf5b2","iTunesLink":null,"previewImage":{"fluid":{"src":"//images.ctfassets.net/6iszzjgqnc39/110PYTxs11i9jFjf7gnleq/56ab08138bb1e787dfae908f7b4c013b/Jeffrey-Tucker-3.jpg?w=1600&q=50","srcSet":"//images.ctfassets.net/6iszzjgqnc39/110PYTxs11i9jFjf7gnleq/56ab08138bb1e787dfae908f7b4c013b/Jeffrey-Tucker-3.jpg?w=400&h=233&q=50 400w,\n//images.ctfassets.net/6iszzjgqnc39/110PYTxs11i9jFjf7gnleq/56ab08138bb1e787dfae908f7b4c013b/Jeffrey-Tucker-3.jpg?w=800&h=467&q=50 800w,\n//images.ctfassets.net/6iszzjgqnc39/110PYTxs11i9jFjf7gnleq/56ab08138bb1e787dfae908f7b4c013b/Jeffrey-Tucker-3.jpg?w=1200&h=700&q=50 1200w"}},"video":{"file":{"url":"//videos.ctfassets.net/6iszzjgqnc39/10NzJ2a71nvkyqeFjMKfyO/541f99723b649d54fe1a969b3e8706f1/Video_Jeffrey_Tucker.mp4"}}},{"episode":"Bringing Blockchain to the Party","episodeNumber":"02","name":"Shiv Madan","releaseDate":"2019-08-27T08:00-06:00","position":"CEO of Blockparty","description":{"json":{"data":{},"content":[{"data":{},"content":[{"data":{},"marks":[],"value":"We took a walk with Shiv Madan to discuss how his company, Blockparty, introduced blockchain into the entertainment industry. He shares his perspective on the future of the event industry in conjunction with blockchain technology.","nodeType":"text"}],"nodeType":"paragraph"},{"data":{},"content":[{"data":{},"marks":[],"value":"Shiv Madan is CEO of Blockparty, a blockchain event ticketing company. Earlier, he founded and built a number of technology and media companies, notably Ability Wearables, a wearable data startup that forged a marketing partnership with Samsung. He has held executive roles at eBay, Accenture, Lehman Brothers and Time Inc subsidiary NME.com.","nodeType":"text"}],"nodeType":"paragraph"}],"nodeType":"document"}},"quote":{"json":{"data":{},"content":[{"data":{},"content":[{"data":{},"marks":[],"value":"\"Maybe the ICO type of business model is something I could also use to fund the next album.\"","nodeType":"text"}],"nodeType":"paragraph"}],"nodeType":"document"}},"youtubeShortLink":"https://youtu.be/sgvF1Ej_bT8","youtubeLongVersion":"https://www.youtube.com/watch?v=IKnBjKiSR70","podbeanLink":"https://www.podbean.com/eu/pb-4ajjj-b9f45c","iTunesLink":"https://itunes.com","previewImage":{"fluid":{"src":"//images.ctfassets.net/6iszzjgqnc39/dS3PIjpSz3lPOfWGwCGFI/9625344657b1d02a4a01677b95882cbf/Shiv-Madan.jpg?w=1600&q=50","srcSet":"//images.ctfassets.net/6iszzjgqnc39/dS3PIjpSz3lPOfWGwCGFI/9625344657b1d02a4a01677b95882cbf/Shiv-Madan.jpg?w=400&h=233&q=50 400w,\n//images.ctfassets.net/6iszzjgqnc39/dS3PIjpSz3lPOfWGwCGFI/9625344657b1d02a4a01677b95882cbf/Shiv-Madan.jpg?w=800&h=467&q=50 800w,\n//images.ctfassets.net/6iszzjgqnc39/dS3PIjpSz3lPOfWGwCGFI/9625344657b1d02a4a01677b95882cbf/Shiv-Madan.jpg?w=1200&h=700&q=50 1200w"}},"video":{"file":{"url":"//videos.ctfassets.net/6iszzjgqnc39/5zjdHcQ9jCbnarsO8Bz8Z7/4910e33960ab0251324c36f7caba7606/WYS_Shiv_Madan.mp4"}}},{"episode":"Crypto on the Horizon","episodeNumber":"09","name":"Bill Barhydt","releaseDate":"2019-12-03T08:00-06:00","position":"Founder & CEO of ABRA","description":{"json":{"data":{},"content":[{"data":{},"content":[{"data":{},"marks":[],"value":"In this episode of WYS, Bill Barhydt shares his perspective on the financial industry with respects to cryptocurrency, government, and technology. Hear his hopeful outlook on the future of money and how crypto will fall into that.\n","nodeType":"text"}],"nodeType":"paragraph"},{"data":{},"content":[{"data":{},"marks":[],"value":"William (Bill) Barhydt (born in New York City) is a serial entrepreneur and the Co-Founder and CEO of Abra, a new type of digital cash payments app and network enabling the transfer of cash between any two smartphones.","nodeType":"text"}],"nodeType":"paragraph"},{"data":{},"content":[{"data":{},"marks":[],"value":"","nodeType":"text"}],"nodeType":"paragraph"},{"data":{},"content":[{"data":{},"marks":[],"value":"","nodeType":"text"}],"nodeType":"paragraph"}],"nodeType":"document"}},"quote":{"json":{"data":{},"content":[{"data":{},"content":[{"data":{},"marks":[],"value":"\"Over history, every government backed asset has failed.\"","nodeType":"text"}],"nodeType":"paragraph"}],"nodeType":"document"}},"youtubeShortLink":"https://youtu.be/MjxpVyWBln0","youtubeLongVersion":"https://youtu.be/-2Mcn0By5QU","podbeanLink":"https://www.podbean.com/eu/pb-pmvag-baf613","iTunesLink":null,"previewImage":{"fluid":{"src":"//images.ctfassets.net/6iszzjgqnc39/7dbqJIqpeLUW8f7edNJEzl/802ac979c6915efc525a2774c8664a25/Bill-Barhydt.jpg?w=1600&q=50","srcSet":"//images.ctfassets.net/6iszzjgqnc39/7dbqJIqpeLUW8f7edNJEzl/802ac979c6915efc525a2774c8664a25/Bill-Barhydt.jpg?w=400&h=233&q=50 400w,\n//images.ctfassets.net/6iszzjgqnc39/7dbqJIqpeLUW8f7edNJEzl/802ac979c6915efc525a2774c8664a25/Bill-Barhydt.jpg?w=800&h=467&q=50 800w,\n//images.ctfassets.net/6iszzjgqnc39/7dbqJIqpeLUW8f7edNJEzl/802ac979c6915efc525a2774c8664a25/Bill-Barhydt.jpg?w=1200&h=700&q=50 1200w"}},"video":{"file":{"url":"//videos.ctfassets.net/6iszzjgqnc39/67DIAvQxnoKTBieMwPsOZP/9c0c125ac228362c03dc5025f7b74b3a/Video_Bill_Barhydt.mp4"}}},{"episode":"The Blockchain Opportunity ","episodeNumber":"01","name":"Shira Frank","releaseDate":"2019-08-12T08:00-06:00","position":"Co-Founder of Maiden","description":{"json":{"data":{},"content":[{"data":{},"content":[{"data":{},"marks":[],"value":"In the first episode of Worth Your SALT, we sat down with Shira Frank to hear her thoughts on the intersection of humanity and technology. She shared some ways people in the industry could humanize blockchain and start to shift social problems.","nodeType":"text"}],"nodeType":"paragraph"},{"data":{},"content":[{"data":{},"marks":[],"value":"Shira brings over 15 years of work in politics, social change, women’s philanthropy, and fundraising with her to the Blockchain and Fin-Tech industries. Shira spent seven years as a Deputy Director for J Street—the single-largest pro-Israel PAC in the US—working to transform the way Congress and the Executive branch engage in the Middle East and to promote the creation of a two-state solution to the Israeli-Palestinian conflict. During Shira's tenure, J Street partnered with the Obama Administration to successfully push the Iran-Nuclear deal through Congress and prevent a war with Iran. Shira holds a degree in Government and Political Theory from Smith College. She hails from the Redwood Coast of Arcata, CA and after spending eight years in our nation’s capital, she recently found her heart back in the wild west where she is currently living in Boulder, CO.","nodeType":"text"}],"nodeType":"paragraph"}],"nodeType":"document"}},"quote":{"json":{"data":{},"content":[{"data":{},"content":[{"data":{},"marks":[],"value":"\"I don't even think we know all the ways in which the limitations of technology are impacting us.\"","nodeType":"text"}],"nodeType":"paragraph"}],"nodeType":"document"}},"youtubeShortLink":"https://youtu.be/eVwfSaeWOI4","youtubeLongVersion":"https://youtu.be/4CQyEr5wTN4","podbeanLink":"https://saltlending.podbean.com/e/worth-your-salt-episode-i-the-blockchain-opportunity/","iTunesLink":null,"previewImage":{"fluid":{"src":"//images.ctfassets.net/6iszzjgqnc39/6ybK9ZjUVznLRuxUGtgvwG/60dc0ac70d9e8e29a9dea891668e50d3/ShiraFrank.jpg?w=1600&q=50","srcSet":"//images.ctfassets.net/6iszzjgqnc39/6ybK9ZjUVznLRuxUGtgvwG/60dc0ac70d9e8e29a9dea891668e50d3/ShiraFrank.jpg?w=400&h=233&q=50 400w,\n//images.ctfassets.net/6iszzjgqnc39/6ybK9ZjUVznLRuxUGtgvwG/60dc0ac70d9e8e29a9dea891668e50d3/ShiraFrank.jpg?w=800&h=467&q=50 800w,\n//images.ctfassets.net/6iszzjgqnc39/6ybK9ZjUVznLRuxUGtgvwG/60dc0ac70d9e8e29a9dea891668e50d3/ShiraFrank.jpg?w=1200&h=700&q=50 1200w"}},"video":{"file":{"url":"//videos.ctfassets.net/6iszzjgqnc39/AuUfX5r6yFPwtxhHUVOuP/b0b6506ab32b07670a8b7bc68ab6f6d2/WYS_SHORT_FINAL_int2.mp4"}}}]}}